TransactionID,CustomerID,PolicyID,PurchaseDate,RenewalDate,PaymentStatus
10000,1031,5066,2021-04-27,2022-11-12,Paid
10001,1042,5044,2023-06-12,2023-12-13,Paid
10002,1049,5070,2020-12-27,2022-05-17,Paid
10003,1465,5018,2020-03-04,2021-10-22,Pending
10004,1314,5052,2020-07-20,2022-01-20,Paid
10005,1094,5049,2021-08-11,2022-05-10,Pending
10006,1287,5041,2021-09-06,2023-07-20,Paid
10007,1143,5074,2022-10-06,2024-09-25,Pending
10008,1398,5033,2020-07-29,2022-01-02,Pending
10009,1147,5091,2023-06-29,2024-08-20,Pending
10010,1293,5029,2023-08-26,2024-10-29,Pending
10011,1464,5044,2021-06-26,2022-04-21,Pending
10012,1146,5091,2024-11-16,2026-04-28,Paid
10013,1354,5051,2020-07-29,2022-05-30,Paid
10014,1283,5007,2021-10-30,2023-01-30,Pending
10015,1009,5041,2023-09-14,2024-11-07,Pending
10016,1284,5054,2022-04-08,2023-02-24,Paid
10017,1105,5099,2020-02-23,2021-06-08,Pending
10018,1467,5015,2020-04-03,2021-12-30,Paid
10019,1201,5059,2024-10-25,2026-01-13,Pending
10020,1110,5029,2023-02-16,2023-09-21,Pending
10021,1188,5089,2022-02-07,2022-12-11,Paid
10022,1473,5063,2021-01-22,2022-12-13,Paid
10023,1145,5019,2023-06-10,2024-12-13,Pending
10024,1088,5099,2024-07-02,2025-10-13,Pending
10025,1106,5007,2022-12-25,2023-06-23,Pending
10026,1461,5015,2022-09-27,2023-08-20,Paid
10027,1252,5076,2023-12-08,2025-03-24,Pending
10028,1171,5007,2022-09-29,2023-04-25,Pending
10029,1459,5098,2024-03-30,2025-12-11,Paid
10030,1116,5066,2020-10-23,2022-09-06,Paid
10031,1175,5007,2023-06-09,2025-02-11,Paid
10032,1026,5034,2021-08-17,2022-07-24,Pending
10033,1428,5070,2025-01-23,2025-09-08,Paid
10034,1345,5020,2023-08-15,2025-06-21,Paid
10035,1472,5048,2023-04-15,2023-10-28,Paid
10036,1389,5066,2021-03-23,2022-12-13,Pending
10037,1148,5042,2024-06-30,2025-08-05,Paid
10038,1284,5087,2022-12-09,2023-07-04,Pending
10039,1456,5035,2023-02-12,2024-02-14,Paid
10040,1111,5086,2024-09-03,2026-02-27,Pending
10041,1358,5021,2021-07-19,2022-03-18,Pending
10042,1366,5033,2021-05-10,2023-04-06,Pending
10043,1218,5079,2021-10-07,2022-12-02,Paid
10044,1350,5006,2021-05-30,2021-12-02,Paid
10045,1008,5098,2023-09-19,2025-03-21,Paid
10046,1413,5041,2021-01-10,2021-10-15,Pending
10047,1095,5016,2020-07-13,2021-08-16,Paid
10048,1380,5020,2023-02-04,2025-02-01,Pending
10049,1290,5054,2023-05-25,2024-03-05,Pending
10050,1477,5003,2023-01-19,2023-09-18,Pending
10051,1002,5049,2020-07-24,2021-08-22,Pending
10052,1447,5020,2024-03-15,2025-08-12,Pending
10053,1161,5086,2022-05-29,2024-03-21,Paid
10054,1045,5005,2022-10-16,2023-08-25,Paid
10055,1455,5020,2022-12-19,2023-08-25,Pending
10056,1243,5007,2024-06-16,2026-01-27,Paid
10057,1027,5098,2022-09-13,2023-04-05,Paid
10058,1371,5049,2021-01-23,2022-08-24,Paid
10059,1412,5086,2024-06-10,2026-02-08,Paid
10060,1032,5080,2022-09-17,2023-03-25,Paid
10061,1431,5041,2022-01-16,2023-07-17,Paid
10062,1458,5049,2024-02-10,2024-09-30,Paid
10063,1378,5062,2022-06-14,2024-03-13,Paid
10064,1268,5062,2024-08-22,2025-10-28,Pending
10065,1482,5081,2021-07-07,2022-08-21,Paid
10066,1093,5089,2020-11-17,2022-08-17,Paid
10067,1384,5017,2020-06-17,2022-03-18,Paid
10068,1019,5022,2022-05-25,2023-02-10,Pending
10069,1313,5021,2024-07-11,2025-04-17,Pending
10070,1242,5090,2024-04-16,2025-07-31,Pending
10071,1098,5041,2024-07-16,2026-03-26,Paid
10072,1106,5017,2023-05-03,2024-04-12,Pending
10073,1496,5079,2022-09-07,2023-07-17,Paid
10074,1141,5087,2023-01-02,2023-08-02,Paid
10075,1232,5031,2020-06-23,2021-10-22,Paid
10076,1198,5055,2024-03-03,2025-03-27,Pending
10077,1320,5027,2021-07-11,2022-02-09,Pending
10078,1051,5022,2021-10-16,2023-09-05,Pending
10079,1138,5084,2020-06-28,2022-05-23,Pending
10080,1217,5095,2024-06-09,2025-12-10,Paid
10081,1461,5042,2021-01-13,2021-12-21,Paid
10082,1423,5083,2022-02-15,2023-04-12,Pending
10083,1330,5039,2020-10-28,2022-05-02,Paid
10084,1026,5093,2021-01-07,2022-03-19,Paid
10085,1328,5035,2021-04-13,2021-10-22,Pending
10086,1153,5076,2021-04-27,2022-01-16,Paid
10087,1152,5039,2024-08-09,2026-07-01,Pending
10088,1095,5027,2023-07-17,2024-01-28,Paid
10089,1101,5054,2023-10-30,2024-11-10,Paid
10090,1009,5093,2023-01-06,2023-07-10,Pending
10091,1052,5015,2021-01-29,2022-04-21,Pending
10092,1392,5078,2024-08-07,2025-12-29,Pending
10093,1278,5084,2021-08-06,2022-03-30,Paid
10094,1204,5053,2024-08-16,2025-02-13,Paid
10095,1403,5027,2022-03-25,2023-02-08,Paid
10096,1489,5082,2021-08-11,2023-05-29,Pending
10097,1349,5045,2021-04-26,2022-09-20,Pending
10098,1463,5012,2024-07-08,2025-11-02,Pending
10099,1023,5045,2023-06-19,2024-12-01,Pending
10100,1128,5066,2024-01-27,2025-01-30,Pending
10101,1448,5008,2023-09-16,2024-03-15,Pending
10102,1050,5072,2023-03-17,2024-12-27,Paid
10103,1157,5050,2023-08-14,2024-03-22,Paid
10104,1300,5063,2020-08-15,2022-02-02,Paid
10105,1484,5062,2023-11-02,2024-06-01,Pending
10106,1267,5016,2023-10-13,2025-01-04,Pending
10107,1235,5020,2024-08-12,2025-12-01,Paid
10108,1349,5070,2022-08-07,2024-01-21,Paid
10109,1169,5061,2022-04-09,2023-03-14,Pending
10110,1457,5036,2020-09-18,2021-10-10,Pending
10111,1170,5070,2023-08-28,2024-07-29,Pending
10112,1104,5058,2021-10-24,2023-05-19,Paid
10113,1252,5041,2021-07-12,2022-08-28,Paid
10114,1097,5091,2022-12-21,2024-05-25,Paid
10115,1204,5089,2020-04-22,2021-03-07,Pending
10116,1009,5100,2020-10-08,2021-08-28,Pending
10117,1289,5070,2023-04-28,2024-12-27,Paid
10118,1306,5072,2022-06-29,2024-04-07,Pending
10119,1048,5019,2024-06-20,2025-07-19,Paid
10120,1013,5043,2024-08-28,2025-06-06,Paid
10121,1177,5062,2022-06-01,2023-04-11,Pending
10122,1289,5095,2023-06-30,2025-01-31,Paid
10123,1379,5092,2022-10-05,2024-04-09,Pending
10124,1305,5021,2023-11-30,2024-10-27,Pending
10125,1372,5062,2024-01-17,2024-10-25,Paid
10126,1212,5087,2021-04-17,2022-05-05,Paid
10127,1137,5042,2021-11-05,2023-01-16,Paid
10128,1004,5001,2025-01-06,2026-08-01,Pending
10129,1253,5052,2020-09-15,2021-11-06,Paid
10130,1029,5099,2023-05-22,2024-02-25,Pending
10131,1326,5090,2023-08-02,2025-01-28,Pending
10132,1049,5001,2020-12-29,2022-09-04,Pending
10133,1074,5094,2023-12-27,2025-02-09,Paid
10134,1021,5090,2022-01-04,2023-01-26,Pending
10135,1134,5073,2024-06-23,2025-10-12,Paid
10136,1002,5031,2024-06-19,2025-08-25,Paid
10137,1213,5053,2020-05-19,2020-12-22,Pending
10138,1174,5030,2020-06-01,2022-05-30,Pending
10139,1450,5057,2023-09-30,2024-07-30,Pending
10140,1344,5003,2021-02-19,2021-10-26,Pending
10141,1094,5094,2022-02-24,2023-09-01,Pending
10142,1164,5083,2020-04-11,2020-11-22,Paid
10143,1224,5019,2022-02-11,2023-10-30,Pending
10144,1138,5028,2020-12-13,2022-01-19,Paid
10145,1499,5033,2024-04-26,2025-01-09,Pending
10146,1080,5031,2022-08-02,2023-08-19,Paid
10147,1256,5097,2024-07-15,2025-01-29,Paid
10148,1254,5092,2024-06-21,2025-03-04,Paid
10149,1210,5068,2021-06-16,2021-12-28,Paid
10150,1400,5098,2021-05-23,2022-07-03,Paid
10151,1358,5077,2021-08-11,2022-08-25,Paid
10152,1326,5078,2020-06-21,2022-02-01,Paid
10153,1356,5074,2023-04-26,2024-05-26,Paid
10154,1383,5032,2024-08-11,2026-03-11,Pending
10155,1170,5027,2022-10-12,2023-11-17,Pending
10156,1214,5005,2023-12-30,2025-11-14,Pending
10157,1354,5022,2023-01-02,2023-12-16,Paid
10158,1193,5076,2023-09-08,2024-12-25,Paid
10159,1478,5022,2022-07-29,2024-07-19,Pending
10160,1079,5044,2020-07-23,2021-05-25,Paid
10161,1229,5063,2023-03-26,2023-09-27,Paid
10162,1029,5012,2020-12-08,2022-03-30,Pending
10163,1281,5083,2022-09-13,2023-10-25,Pending
10164,1027,5013,2022-10-31,2023-09-14,Pending
10165,1431,5006,2024-12-08,2026-03-01,Paid
10166,1401,5097,2022-03-09,2024-02-19,Pending
10167,1093,5078,2022-12-11,2024-08-01,Pending
10168,1060,5058,2024-10-30,2026-07-26,Paid
10169,1278,5099,2024-01-01,2024-09-19,Paid
10170,1111,5003,2023-11-23,2025-08-23,Pending
10171,1467,5053,2024-10-08,2025-10-14,Paid
10172,1313,5092,2023-07-19,2025-03-17,Pending
10173,1425,5047,2024-07-13,2025-10-26,Paid
10174,1096,5045,2020-11-27,2021-11-26,Paid
10175,1425,5023,2022-11-02,2024-03-27,Pending
10176,1066,5051,2020-04-13,2022-03-01,Paid
10177,1136,5009,2020-03-24,2021-03-18,Paid
10178,1313,5016,2023-11-15,2025-03-08,Pending
10179,1182,5058,2023-09-02,2025-07-16,Paid
10180,1206,5056,2024-11-24,2026-08-13,Paid
10181,1245,5075,2021-05-08,2022-02-12,Paid
10182,1292,5099,2022-01-31,2023-10-16,Pending
10183,1364,5061,2021-09-13,2022-04-09,Paid
10184,1177,5082,2020-12-22,2022-08-05,Pending
10185,1437,5010,2020-12-16,2021-10-12,Paid
10186,1199,5073,2022-12-30,2023-11-26,Pending
10187,1053,5010,2022-07-08,2023-01-29,Paid
10188,1138,5091,2022-12-14,2024-08-25,Pending
10189,1096,5090,2021-03-04,2022-02-27,Paid
10190,1018,5030,2023-02-01,2024-05-08,Pending
10191,1278,5050,2023-12-18,2025-11-16,Paid
10192,1131,5057,2023-05-04,2024-09-16,Paid
10193,1359,5002,2023-10-11,2025-05-30,Pending
10194,1352,5042,2021-07-02,2022-02-09,Paid
10195,1277,5064,2022-05-19,2023-11-04,Pending
10196,1180,5035,2020-05-10,2021-05-03,Paid
10197,1221,5093,2024-10-28,2026-08-18,Pending
10198,1305,5042,2023-09-30,2024-07-27,Paid
10199,1435,5062,2020-11-19,2022-10-19,Pending
10200,1469,5098,2024-11-26,2026-07-03,Pending
10201,1251,5031,2020-03-20,2021-12-11,Paid
10202,1414,5066,2025-01-02,2026-02-24,Paid
10203,1019,5090,2024-05-07,2025-01-10,Paid
10204,1124,5054,2022-03-31,2023-08-30,Paid
10205,1221,5064,2022-05-11,2022-11-25,Paid
10206,1432,5053,2020-05-29,2022-05-17,Pending
10207,1454,5093,2022-07-12,2023-09-15,Paid
10208,1412,5073,2022-02-02,2023-10-27,Paid
10209,1108,5073,2020-04-26,2022-03-09,Paid
10210,1386,5006,2023-11-24,2025-08-06,Pending
10211,1496,5061,2022-07-14,2023-02-10,Pending
10212,1197,5098,2022-12-05,2024-04-20,Pending
10213,1057,5011,2022-05-28,2024-02-20,Pending
10214,1092,5063,2024-02-04,2025-11-16,Paid
10215,1002,5024,2020-05-22,2020-12-07,Pending
10216,1340,5049,2022-08-04,2023-03-13,Paid
10217,1081,5018,2021-06-04,2021-12-05,Paid
10218,1128,5100,2024-06-24,2026-02-08,Pending
10219,1037,5023,2022-05-20,2023-12-24,Paid
10220,1069,5086,2022-07-26,2024-07-12,Paid
10221,1015,5093,2020-07-05,2021-09-14,Pending
10222,1072,5070,2021-03-31,2023-01-01,Pending
10223,1462,5007,2020-05-01,2020-12-08,Paid
10224,1009,5054,2024-05-10,2025-04-04,Paid
10225,1080,5025,2021-01-13,2022-03-19,Pending
10226,1059,5064,2023-11-06,2025-04-10,Pending
10227,1369,5035,2024-05-23,2026-04-15,Paid
10228,1351,5041,2023-04-01,2024-02-18,Paid
10229,1088,5034,2024-10-15,2026-07-29,Pending
10230,1132,5008,2024-11-24,2026-09-11,Paid
10231,1213,5094,2024-08-15,2025-12-15,Paid
10232,1489,5006,2021-11-26,2022-08-07,Paid
10233,1209,5058,2021-05-18,2023-03-20,Paid
10234,1449,5038,2022-12-05,2024-06-21,Pending
10235,1458,5045,2021-01-27,2021-08-05,Paid
10236,1448,5001,2024-08-06,2026-01-24,Pending
10237,1111,5085,2023-11-07,2025-06-10,Paid
10238,1359,5030,2024-10-03,2026-05-26,Paid
10239,1398,5047,2021-02-02,2021-08-03,Paid
10240,1436,5016,2020-08-30,2022-07-12,Paid
10241,1089,5086,2023-03-16,2024-12-01,Paid
10242,1016,5037,2021-02-01,2021-09-25,Paid
10243,1035,5053,2024-06-26,2025-10-06,Pending
10244,1135,5063,2024-09-17,2026-02-22,Pending
10245,1422,5099,2024-04-25,2025-04-11,Paid
10246,1190,5094,2025-01-24,2026-06-11,Paid
10247,1377,5086,2024-09-19,2025-04-04,Paid
10248,1054,5073,2021-12-28,2023-04-24,Paid
10249,1229,5070,2022-01-23,2023-09-03,Paid
10250,1449,5032,2023-10-04,2024-11-17,Paid
10251,1095,5047,2021-09-08,2023-08-28,Pending
10252,1434,5025,2020-06-18,2021-12-22,Pending
10253,1105,5013,2024-09-07,2025-03-21,Paid
10254,1114,5012,2020-04-01,2022-02-15,Paid
10255,1453,5088,2021-04-19,2022-09-29,Pending
10256,1479,5039,2020-07-02,2022-03-06,Paid
10257,1208,5013,2020-12-07,2022-05-15,Pending
10258,1403,5006,2022-09-11,2024-01-20,Pending
10259,1274,5002,2024-07-22,2025-07-21,Paid
10260,1257,5097,2021-12-26,2023-10-02,Pending
10261,1250,5016,2021-09-08,2022-03-20,Pending
10262,1298,5028,2020-12-20,2021-06-24,Pending
10263,1271,5093,2021-06-10,2023-05-25,Paid
10264,1005,5085,2023-01-04,2024-03-08,Paid
10265,1377,5055,2021-07-01,2022-09-16,Pending
10266,1443,5075,2025-01-12,2025-08-17,Pending
10267,1492,5097,2020-11-15,2021-12-15,Paid
10268,1197,5039,2020-10-20,2021-09-14,Paid
10269,1420,5018,2020-11-20,2021-06-24,Pending
10270,1357,5092,2022-03-07,2023-06-16,Pending
10271,1224,5017,2025-02-07,2026-03-21,Pending
10272,1205,5015,2022-12-21,2024-06-02,Paid
10273,1208,5038,2022-01-18,2023-05-15,Pending
10274,1056,5086,2021-03-02,2022-06-01,Paid
10275,1002,5098,2020-03-07,2021-10-30,Pending
10276,1217,5072,2021-09-01,2022-09-10,Pending
10277,1303,5039,2020-11-30,2021-08-02,Paid
10278,1423,5079,2020-11-07,2022-03-13,Pending
10279,1407,5079,2022-01-16,2023-01-04,Pending
10280,1027,5046,2022-08-14,2024-07-24,Paid
10281,1370,5094,2021-11-29,2023-07-05,Pending
10282,1406,5012,2022-05-29,2024-02-11,Pending
10283,1421,5076,2024-03-12,2025-02-18,Paid
10284,1248,5099,2021-12-22,2022-10-01,Paid
10285,1058,5036,2020-09-19,2021-09-03,Paid
10286,1165,5056,2024-09-28,2026-01-10,Pending
10287,1276,5082,2023-11-06,2024-10-30,Pending
10288,1045,5092,2022-03-02,2023-05-02,Paid
10289,1083,5020,2024-08-11,2026-03-08,Pending
10290,1483,5073,2022-08-26,2023-04-24,Pending
10291,1263,5015,2021-08-15,2022-02-25,Paid
10292,1451,5063,2025-01-24,2025-12-20,Paid
10293,1456,5077,2023-07-29,2025-02-05,Paid
10294,1214,5004,2020-08-14,2021-08-14,Pending
10295,1429,5029,2023-10-13,2025-07-18,Pending
10296,1344,5036,2020-04-28,2021-02-21,Pending
10297,1073,5074,2021-10-28,2022-09-05,Paid
10298,1041,5074,2022-03-11,2023-01-07,Paid
10299,1003,5086,2024-09-29,2025-11-23,Paid
10300,1471,5094,2022-07-14,2024-03-26,Pending
10301,1171,5097,2024-01-28,2024-10-15,Paid
10302,1366,5097,2020-07-06,2022-04-08,Pending
10303,1367,5058,2024-08-28,2025-05-06,Paid
10304,1084,5057,2020-05-16,2020-11-23,Paid
10305,1037,5076,2022-10-17,2023-09-07,Pending
10306,1010,5017,2020-05-22,2022-03-04,Pending
10307,1134,5026,2020-02-20,2021-01-21,Paid
10308,1347,5042,2023-04-25,2025-03-27,Paid
10309,1451,5035,2022-04-18,2024-03-09,Paid
10310,1219,5034,2024-01-05,2025-01-19,Pending
10311,1370,5038,2020-12-23,2021-08-28,Pending
10312,1450,5094,2022-06-13,2024-04-25,Paid
10313,1349,5048,2020-05-19,2021-09-23,Pending
10314,1219,5050,2021-10-08,2022-11-20,Pending
10315,1039,5003,2024-11-14,2026-09-16,Paid
10316,1125,5030,2022-02-24,2023-03-28,Pending
10317,1152,5093,2022-12-21,2024-03-13,Paid
10318,1433,5082,2020-03-05,2021-04-10,Paid
10319,1074,5044,2023-08-07,2024-03-02,Paid
10320,1231,5097,2023-11-01,2024-11-29,Pending
10321,1443,5028,2022-12-28,2024-02-16,Pending
10322,1170,5088,2020-06-05,2021-01-27,Pending
10323,1154,5094,2022-02-27,2024-02-09,Paid
10324,1217,5014,2022-04-05,2023-12-27,Paid
10325,1082,5022,2020-03-05,2020-12-06,Pending
10326,1491,5098,2023-07-19,2025-05-10,Pending
10327,1235,5080,2024-10-25,2026-10-23,Pending
10328,1429,5086,2022-01-01,2023-03-24,Paid
10329,1156,5019,2025-01-28,2026-08-14,Pending
10330,1025,5084,2020-07-29,2021-10-02,Pending
10331,1056,5024,2023-12-25,2025-04-27,Pending
10332,1312,5100,2023-08-06,2025-03-14,Paid
10333,1297,5091,2023-03-04,2024-09-03,Paid
10334,1397,5029,2020-05-06,2021-08-04,Paid
10335,1075,5051,2022-12-04,2024-07-10,Pending
10336,1043,5003,2023-09-07,2024-09-04,Pending
10337,1129,5052,2022-02-21,2023-06-08,Paid
10338,1293,5044,2021-05-22,2022-12-10,Pending
10339,1402,5095,2021-01-20,2022-12-03,Pending
10340,1327,5037,2024-10-07,2025-06-23,Pending
10341,1332,5019,2020-04-01,2021-03-29,Paid
10342,1176,5089,2020-09-17,2021-12-31,Pending
10343,1071,5066,2023-06-19,2024-07-26,Pending
10344,1293,5064,2024-09-22,2026-05-13,Paid
10345,1164,5018,2021-03-22,2022-09-24,Pending
10346,1144,5082,2024-10-24,2026-08-26,Paid
10347,1096,5014,2023-11-13,2024-05-14,Paid
10348,1268,5042,2020-12-20,2021-10-24,Paid
10349,1040,5089,2023-12-27,2025-11-15,Paid
10350,1051,5079,2023-08-24,2024-06-06,Pending
10351,1254,5013,2022-01-20,2023-09-06,Pending
10352,1471,5033,2020-07-13,2022-06-14,Pending
10353,1184,5022,2024-03-25,2024-11-11,Pending
10354,1154,5072,2020-04-28,2022-01-18,Pending
10355,1010,5015,2025-01-04,2025-10-06,Paid
10356,1034,5094,2024-08-27,2026-05-06,Pending
10357,1033,5022,2022-10-12,2024-09-19,Pending
10358,1094,5051,2023-02-07,2023-12-08,Paid
10359,1475,5018,2025-01-25,2026-08-11,Pending
10360,1348,5086,2022-05-21,2024-03-26,Paid
10361,1404,5045,2020-09-23,2022-01-31,Pending
10362,1312,5025,2022-05-07,2023-05-10,Pending
10363,1110,5006,2020-08-16,2021-10-13,Pending
10364,1019,5033,2024-02-29,2025-09-15,Paid
10365,1457,5020,2021-02-22,2022-05-22,Pending
10366,1408,5040,2023-02-12,2024-11-30,Paid
10367,1147,5072,2022-08-11,2024-07-05,Pending
10368,1043,5007,2023-05-14,2025-01-14,Pending
10369,1020,5017,2021-08-31,2023-05-17,Pending
10370,1344,5030,2022-05-24,2023-05-13,Paid
10371,1074,5033,2023-12-11,2025-07-31,Pending
10372,1447,5017,2020-04-07,2021-10-02,Paid
10373,1429,5009,2024-01-30,2025-01-30,Paid
10374,1363,5069,2022-04-19,2023-05-26,Pending
10375,1351,5023,2020-08-18,2021-09-22,Paid
10376,1118,5034,2021-08-30,2022-07-27,Pending
10377,1246,5040,2022-12-24,2024-04-18,Pending
10378,1044,5003,2022-06-29,2024-05-30,Paid
10379,1027,5080,2025-01-20,2026-02-12,Pending
10380,1260,5015,2024-11-30,2026-04-08,Pending
10381,1466,5096,2022-07-29,2023-07-17,Paid
10382,1302,5089,2020-05-18,2022-01-10,Pending
10383,1024,5010,2022-03-09,2023-09-28,Pending
10384,1101,5009,2020-07-18,2022-03-20,Pending
10385,1468,5045,2022-02-27,2023-10-16,Paid
10386,1195,5049,2024-07-14,2025-07-10,Paid
10387,1197,5098,2024-12-20,2026-05-13,Pending
10388,1388,5035,2022-03-12,2023-05-20,Pending
10389,1396,5074,2022-04-22,2024-02-15,Paid
10390,1435,5040,2022-07-19,2023-05-18,Paid
10391,1390,5028,2021-05-21,2022-02-19,Paid
10392,1275,5059,2023-09-11,2025-05-11,Paid
10393,1033,5078,2020-03-29,2021-12-03,Paid
10394,1256,5083,2023-04-24,2025-03-26,Paid
10395,1351,5087,2022-06-19,2023-04-08,Paid
10396,1075,5073,2023-10-01,2024-09-08,Paid
10397,1092,5087,2023-07-26,2024-09-16,Paid
10398,1174,5014,2021-04-24,2022-06-25,Paid
10399,1416,5022,2024-10-03,2026-02-21,Pending
10400,1054,5044,2023-03-26,2024-03-20,Paid
10401,1074,5032,2020-07-17,2021-01-14,Pending
10402,1359,5074,2022-11-08,2024-09-11,Pending
10403,1101,5075,2024-12-02,2026-01-10,Pending
10404,1483,5060,2021-09-07,2022-08-14,Pending
10405,1233,5029,2024-09-03,2026-04-02,Paid
10406,1390,5056,2023-09-12,2024-07-17,Paid
10407,1254,5034,2021-07-22,2023-05-19,Paid
10408,1319,5030,2020-08-21,2021-09-17,Paid
10409,1301,5074,2022-03-04,2023-08-08,Pending
10410,1243,5065,2024-02-15,2025-07-31,Paid
10411,1163,5031,2023-05-27,2023-12-08,Pending
10412,1223,5009,2023-03-17,2025-01-04,Paid
10413,1361,5065,2024-08-05,2026-06-20,Pending
10414,1201,5066,2023-05-27,2025-03-15,Paid
10415,1038,5069,2024-06-17,2025-02-21,Pending
10416,1107,5006,2021-10-28,2023-10-26,Pending
10417,1063,5003,2021-08-24,2022-11-29,Pending
10418,1217,5021,2023-05-14,2023-12-11,Pending
10419,1218,5065,2024-05-24,2025-04-06,Pending
10420,1463,5021,2021-01-27,2021-08-19,Paid
10421,1375,5087,2021-09-20,2023-08-21,Pending
10422,1056,5014,2024-06-11,2026-03-10,Paid
10423,1483,5076,2021-03-23,2022-07-06,Pending
10424,1448,5043,2023-03-29,2023-10-05,Paid
10425,1454,5044,2024-06-03,2024-12-23,Pending
10426,1428,5076,2023-12-15,2024-10-13,Pending
10427,1198,5048,2020-02-18,2021-09-17,Paid
10428,1382,5010,2020-03-22,2020-10-04,Pending
10429,1008,5047,2021-02-27,2022-11-03,Pending
10430,1462,5059,2022-01-24,2023-12-02,Paid
10431,1345,5090,2020-06-12,2021-03-15,Paid
10432,1376,5084,2022-11-02,2024-08-30,Pending
10433,1240,5081,2020-07-06,2021-10-26,Paid
10434,1083,5053,2021-04-28,2023-03-13,Paid
10435,1457,5063,2020-03-12,2022-02-20,Paid
10436,1137,5042,2024-04-24,2026-04-05,Pending
10437,1379,5017,2021-04-06,2021-12-26,Paid
10438,1354,5032,2022-08-19,2024-04-13,Pending
10439,1397,5022,2022-12-18,2024-12-03,Pending
10440,1091,5074,2021-05-26,2023-01-06,Pending
10441,1193,5058,2022-09-28,2024-07-02,Pending
10442,1443,5001,2023-07-04,2025-02-14,Paid
10443,1070,5064,2020-10-02,2021-08-21,Pending
10444,1103,5048,2020-04-21,2020-11-08,Pending
10445,1371,5022,2020-05-07,2022-03-31,Paid
10446,1481,5067,2021-11-09,2022-11-03,Pending
10447,1174,5058,2024-08-01,2026-01-13,Pending
10448,1397,5055,2023-10-18,2025-05-02,Paid
10449,1346,5059,2025-01-09,2026-11-27,Pending
10450,1390,5065,2024-02-15,2026-01-01,Pending
10451,1117,5024,2020-06-15,2021-12-20,Paid
10452,1105,5054,2021-11-09,2022-09-08,Pending
10453,1431,5014,2024-01-16,2025-02-05,Pending
10454,1486,5099,2021-05-05,2022-10-27,Paid
10455,1077,5078,2021-01-17,2022-09-02,Paid
10456,1404,5060,2021-09-22,2023-02-26,Pending
10457,1303,5095,2024-05-16,2026-04-14,Paid
10458,1088,5019,2022-07-08,2023-07-05,Pending
10459,1233,5041,2020-07-01,2022-05-02,Pending
10460,1490,5004,2023-09-27,2024-11-05,Paid
10461,1159,5087,2020-07-01,2021-06-15,Paid
10462,1418,5098,2023-09-14,2025-04-22,Paid
10463,1305,5014,2020-03-20,2021-01-26,Paid
10464,1116,5065,2023-04-29,2024-03-04,Pending
10465,1126,5018,2024-10-24,2025-12-24,Pending
10466,1167,5087,2021-03-10,2022-01-15,Paid
10467,1277,5046,2022-07-28,2023-11-09,Pending
10468,1187,5037,2024-01-27,2024-10-14,Pending
10469,1252,5016,2022-07-27,2024-04-05,Paid
10470,1273,5087,2024-11-27,2025-05-26,Pending
10471,1175,5023,2020-03-24,2021-09-05,Paid
10472,1255,5055,2020-11-09,2021-08-21,Paid
10473,1026,5007,2025-01-04,2026-11-04,Paid
10474,1406,5004,2024-10-23,2026-10-19,Pending
10475,1170,5081,2023-05-11,2024-04-14,Pending
10476,1319,5099,2020-06-21,2022-01-08,Pending
10477,1483,5075,2022-09-25,2024-01-04,Pending
10478,1295,5048,2023-11-28,2025-01-03,Pending
10479,1128,5035,2023-02-10,2024-12-10,Paid
10480,1308,5021,2024-10-11,2025-06-26,Pending
10481,1047,5042,2024-09-07,2025-04-20,Pending
10482,1461,5019,2023-03-30,2024-09-11,Paid
10483,1471,5089,2024-08-26,2025-10-29,Paid
10484,1263,5040,2022-01-12,2022-09-17,Pending
10485,1379,5081,2021-03-11,2022-11-13,Paid
10486,1216,5017,2020-08-19,2022-08-06,Paid
10487,1301,5014,2024-11-19,2026-01-24,Pending
10488,1222,5056,2022-07-31,2023-12-29,Pending
10489,1221,5082,2022-03-08,2022-10-24,Paid
10490,1250,5093,2023-08-24,2024-03-14,Paid
10491,1185,5075,2025-01-23,2026-03-12,Paid
10492,1343,5072,2020-05-22,2021-12-04,Paid
10493,1167,5063,2024-02-26,2025-04-19,Paid
10494,1004,5053,2022-09-06,2023-04-07,Paid
10495,1190,5071,2021-01-11,2022-11-24,Paid
10496,1343,5056,2020-06-03,2021-05-27,Pending
10497,1077,5017,2024-04-19,2026-01-26,Paid
10498,1215,5043,2022-10-14,2023-04-29,Pending
10499,1208,5062,2022-12-31,2024-08-29,Pending
