UserID,CustomerID,Name,Age,Gender,Income,Location,PhoneNumber,Email,Password
1,1001,Lakshmi Rao,63,Female,1198501,Jaipur,6397271942,lakshmi.rao36@gmail.com,ca34650257b607276b77971e619dd2ce9402a7b8c5dd6925c4878939b1d8d080
2,1002,Vijay Nambiar,29,Male,433776,Mumbai,7615928169,vijay.nambiar18@gmail.com,a696032dcc5e27f1767c4b133fe14150ef17c30d64c4dfcec1d3694afb52e414
3,1003,Arjun Verma,60,Male,444396,Chennai,9043869739,arjun.verma92@gmail.com,19ed66d9ceb6c44fc74c38dee04d76e27b7378ac49cb18aca57e1a64bc528b87
4,1004,Radha Nair,28,Female,383621,Jaipur,9216053179,radha.nair25@gmail.com,f11ed451465aa3794058f399ece46c75dc521f5a6fc1ff4899cc529ffd501849
5,1005,Geetha Gupta,20,Female,476043,Hyderabad,7992314043,geetha.gupta52@gmail.com,d9ed70a2db2bc3aee0a2514a752a4729fa4b47f1d5e5299f21f0793ce61ebd34
6,1006,Anita Rao,21,Female,1558197,Bangalore,6612681431,anita.rao53@gmail.com,3444bc4dd79b2cf0c3cab2de7d55d458ed94f2bdb6769b7c01364075cd3ea06f
7,1007,Kavita Verma,55,Female,718386,Ahmedabad,7140502268,kavita.verma79@gmail.com,0e7aa94d5bcdbe7caa725ab81e635c85c392e7f370bc7365aaa6f379683d7726
8,1008,Anil Gupta,24,Male,1442368,Pune,6946826800,anil.gupta53@gmail.com,07b2e6fb71288c077d60dc789106586c5ce0c460c9a34b122b7d18f9193ebb52
9,1009,Sita Patel,46,Female,799104,Jaipur,6353013099,sita.patel98@gmail.com,af0f751c2baf6ef10b80c9cc85eb9e926c48ebb11a84909b6a8810febae84497
10,1010,Priya Nambiar,47,Female,1679974,Chennai,8730190714,priya.nambiar35@gmail.com,e34bcbbf6eb5f833cbbaf85f299168d2cfc68fc6dc8dea2482a6b19254f0572b
11,1011,Anil Kamath,33,Male,1658033,Mumbai,6736249115,anil.kamath69@gmail.com,8837bda11e9290023dfebf7d2b487aca2436a2f07e0080b95e0228b1f7e26875
12,1012,Anita Verma,49,Female,1675026,Surat,9036923352,anita.verma80@gmail.com,f77f2ef9c77d39145864451428fe9b31b0b68f64b2a21360bd252a036b930086
13,1013,Ramesh Sharma,58,Male,760707,Bangalore,9705964828,ramesh.sharma33@gmail.com,089d2909f8447046f6208aa6f7a2f1b07da9d964db0b63389aa61c3c6c98d4a3
14,1014,Arjun Rao,51,Male,1942909,Hyderabad,7724281678,arjun.rao38@gmail.com,3fa14d5e553720dfa61d7ff907c6733fc5184708848a60fb414ecdf44952b1c0
15,1015,Rajeev Nair,70,Male,676518,Delhi,8692343564,rajeev.nair12@gmail.com,7456ff7e94c795e089a216b89fd047bcadae15fcea1738ed1964635587877449
16,1016,Rajeev Gupta,22,Male,1828547,Bangalore,6668934467,rajeev.gupta63@gmail.com,2c4b10139775e995b694e27e831f881f80dfa1711031efcbaebf780dff841c75
17,1017,Rahul Joshi,58,Male,1796034,Delhi,6491933065,rahul.joshi33@gmail.com,261964955d09ec1760737a9fb795177f63864e2f2574ae04f7b6486eafe052fb
18,1018,Anita Joshi,50,Female,1075327,Ahmedabad,7439353584,anita.joshi71@gmail.com,bc45614008db012f978f06f41e3039d45c03942dd1e02241a3a7f127fa2db22f
19,1019,Rahul Kamath,46,Male,830662,Surat,7493178233,rahul.kamath11@gmail.com,c2ee2539cdeaffa08b59465314f0bb1714e62e82dd4a1a0b66c82d128073a953
20,1020,Ramesh Rao,66,Male,1045914,Pune,7065093020,ramesh.rao57@gmail.com,68467c8e2fe1e3b084dd3ebdbf37cd8dbccbd92ace2ee9248cd0a6d8d6e4de3f
21,1021,Manoj Verma,64,Male,865770,Bangalore,7197975071,manoj.verma10@gmail.com,081f0b02ea999d13ba0f10e37a3f5212f1f73218141da65b26166c010d8c57ee
22,1022,Geetha Iyer,53,Female,601807,Pune,9121636634,geetha.iyer90@gmail.com,1ce1748839501f733137c8f52280452a805b543d77279c82ba7ae806276676ff
23,1023,Karthik Iyer,19,Male,1605592,Chennai,7140145630,karthik.iyer97@gmail.com,d66b91917f7c0ca06dd2dca3b60640d1b890fc85da08fd94a0e4c33b118e17cb
24,1024,Ajay Sharma,20,Male,1423155,Jaipur,7903638276,ajay.sharma93@gmail.com,87aacd8ceaf63dd61397d5b78abd38cfe4a36f6f587932ce5497f75962c156f8
25,1025,Meena Patel,38,Female,1175126,Bangalore,9103488665,meena.patel88@gmail.com,bb1621552bf76efe3ee71a2ff6f7e8a76e4c50e0971dbea9cb887d4804f50620
26,1026,Lakshmi Patel,26,Female,1913116,Jaipur,7772799299,lakshmi.patel12@gmail.com,ea1b876ef7294831b46e9faa4d8d2aa7534fead84bd95335e7655a52aaf0edf7
27,1027,Anil Sharma,38,Male,1349149,Jaipur,6635240544,anil.sharma14@gmail.com,3a95292fb8bd5ec7bd6461d2df342d0d03b94412cd7092ef984429437ea26947
28,1028,Lakshmi Verma,47,Female,1793870,Mumbai,9342499129,lakshmi.verma83@gmail.com,2199e26af094f0329f982fd2152b046bf837e43d18c86a3f90c5d95f91ddbf0f
29,1029,Anita Rao,53,Female,1080233,Pune,9693362274,anita.rao58@gmail.com,61f94eea9cea432d095e8663b8bc9e725c2fc0e3f1b0e7da53e2744ab6cb4bd6
30,1030,Sunita Verma,40,Female,1879343,Delhi,9188120717,sunita.verma21@gmail.com,26866a2ca8d9d5acfecb3a30ce039dcc62051e2ca1e10179eb9aff00b04efddd
31,1031,Sita Joshi,24,Female,1664677,Surat,9451057278,sita.joshi72@gmail.com,b3596cc2242c68ef020e4e798d8715132fe428e7d593c54c0a6e8d8513e5e122
32,1032,Anil Nambiar,52,Male,224683,Kolkata,8645325455,anil.nambiar73@gmail.com,aa54065fbc0d4c36f17df56aa73be47566ae3c0b37aa8e873efc429fb6097151
33,1033,Sita Kamath,46,Female,1009713,Chennai,7449369942,sita.kamath54@gmail.com,c39df1f63f0ca8b12a00aa50ff16db750f2a00339e379f5761007633ae8174fd
34,1034,Karthik Joshi,54,Male,1387520,Surat,9443768153,karthik.joshi93@gmail.com,177f8ee9cde790933f8b252c1ce9623f2d7c002b2954b1fbb46ab207af604e05
35,1035,Priya Patel,47,Female,422989,Bangalore,8769236579,priya.patel11@gmail.com,044b0c4933d6dd621cb64827f6409dcbb9b971ae403c5d6b9671908d4c067107
36,1036,Radha Rao,40,Female,356021,Mumbai,7068845221,radha.rao52@gmail.com,126c62e3fb08dad981579cda763d4c4220cae9ad7ec7b210c264a7536b544c3e
37,1037,Ramesh Nambiar,64,Male,1115753,Bangalore,6448837773,ramesh.nambiar93@gmail.com,2c38e1336c6386f3fd54acf930cdcf415069a6bf97d8772180d276b29d70dd40
38,1038,Rahul Nair,35,Male,1339945,Surat,9088546876,rahul.nair86@gmail.com,06e98691ebc3ac5c05ba6ab25f10bdd315343873fbde5913e026d46483a90e70
39,1039,Radha Sharma,70,Female,388182,Hyderabad,9657554570,radha.sharma61@gmail.com,723c173b87309af672565ac609c4b87e45742b8be03d13ed088c21d2e4e34b3a
40,1040,Manoj Nambiar,46,Male,864482,Pune,7078229226,manoj.nambiar44@gmail.com,fdcff706173e36de0cce4dcb39086b46994941d989d6b594949aa9ec18a526ed
41,1041,Meena Nambiar,34,Female,1425669,Delhi,8358712195,meena.nambiar37@gmail.com,a40cc69e4dfc2e337b52d1469b299d94ed83f195fbbdb86bc712203f07717258
42,1042,Kavita Rao,68,Female,1890908,Mumbai,8926823936,kavita.rao29@gmail.com,166446656ac4f99de63dc49db73de3e0e73098802e89fa138a2d24f6fdbc898f
43,1043,Rahul Gupta,29,Male,1666585,Ahmedabad,9122814916,rahul.gupta15@gmail.com,d510b959446c8c00cd5cdcfad81a425fd99c9609a8a0b81e2b07123ea26bdc82
44,1044,Geetha Iyer,63,Female,363396,Surat,9868347889,geetha.iyer42@gmail.com,d094bcfca060083b73cc65d713b21a10f429180edaff2dcc79c21351583eb916
45,1045,Anil Verma,42,Male,1193918,Ahmedabad,7494084823,anil.verma94@gmail.com,443c7ec01dfea7926112dd78a07ade7cccb66a1b6dc7c653936c8648f5af04b5
46,1046,Meena Rao,22,Female,1559155,Hyderabad,9861598050,meena.rao39@gmail.com,690db8d2295c4a8c5658eb4fab87edd0a258a7fe6e33c89e9f7ffa7b896cad44
47,1047,Radha Nair,62,Female,318922,Delhi,9195886900,radha.nair80@gmail.com,958439aa9de16bd38c929ce4c0d061dfa168ff7a8bc4e755df1a1fe39c1dfbf7
48,1048,Karthik Iyer,40,Male,1424006,Delhi,6516589159,karthik.iyer82@gmail.com,126dcb2e223fd705c05ce7fcc123256edd549ad0a7bcdbd907ad22c865aaa43d
49,1049,Ajay Iyer,23,Male,1179097,Surat,7676000042,ajay.iyer69@gmail.com,7e7236c79cb979d20ad069acdbf1027427cadd8dd7f6bc846b257cd4aefda355
50,1050,Radha Nair,65,Female,1648586,Bangalore,9275432895,radha.nair52@gmail.com,1c25ba2e9ca54c8b0ce139cc458fd161871dbb96e5f30afa95b94b958eff0171
51,1051,Radha Sharma,50,Female,1700412,Surat,7270355637,radha.sharma76@gmail.com,837512db756ab343124a4ea1e1f3c48265a6e6785278af45da42db58ecd2ce7c
52,1052,Meena Nair,55,Female,1568380,Bangalore,7945053713,meena.nair67@gmail.com,746bf38bda20216b7e7664c28077102799b21c6dbe4e4276058d132cbb30bd2a
53,1053,Meena Nair,58,Female,1254376,Hyderabad,7030257849,meena.nair94@gmail.com,d5611ea5d4ef7a10a4aef905258d0eefabbc9fd1b1d6a20ff7bb5ebf1ee235ae
54,1054,Sita Kamath,51,Female,243976,Pune,8418311893,sita.kamath94@gmail.com,374d99dddaafc0be4c5604e0d6b67ce9e3b0e633403efe7e4cb18fed1e35953c
55,1055,Manoj Rao,63,Male,1494923,Hyderabad,7516068413,manoj.rao61@gmail.com,1f44a7e6ef576c59197d5a9f39cdf3e7211f15cd44d87992135c018a5ec12023
56,1056,Sunita Gupta,63,Female,517563,Pune,8538366881,sunita.gupta55@gmail.com,71173be9dd421235c509192aeab3e5fbc029cebb1a15f1d0a4e1d7e4648f2aaa
57,1057,Sunita Nair,57,Female,1861207,Pune,7902751373,sunita.nair54@gmail.com,4027dd5fd78b2cdb3a26ac19c27c0d08ed591fed90673d09af52cb63e61edf6c
58,1058,Karthik Gupta,18,Male,1707570,Pune,6567776541,karthik.gupta59@gmail.com,09c076bd4467cb5ae58f6ced6cc7336f165d21346f3146f4dcfb0dbc8c5c01ca
59,1059,Ramesh Nambiar,61,Male,365430,Chennai,9322520046,ramesh.nambiar35@gmail.com,ec0e9b07cf87957dca4e4e9535d644b47303fafb3f481bbf5f16e10347af47df
60,1060,Radha Nair,44,Female,1581574,Mumbai,9018377111,radha.nair71@gmail.com,82b9634093ba9b635f10b305b7cb7975a4835536d9aa0d9801470e8bf68d5ae5
61,1061,Ajay Patel,39,Male,1807913,Chennai,9805377820,ajay.patel98@gmail.com,721e119f96ee95c7a4460bb8e2d3469f970c116747e895aa503b244e8978706b
62,1062,Suresh Rao,19,Male,447180,Mumbai,8574530731,suresh.rao74@gmail.com,907b3e7e7ac18473ac205adf49272e8e7e2b96bd5f5660579cf07f432c1ef398
63,1063,Pooja Kamath,31,Female,1897532,Chennai,6757523535,pooja.kamath90@gmail.com,988ca205fe2e389864a96fdfa96ab094fb66e94acbe23ce95610936d3631ce49
64,1064,Geetha Nambiar,67,Female,903462,Delhi,8992277115,geetha.nambiar15@gmail.com,e08519bade98e7c374891e42c0e9ba18c461a348e0adc5510beb07493da77b91
65,1065,Kavita Iyer,53,Female,930817,Surat,6344814954,kavita.iyer35@gmail.com,05c837c92171f0bfc5f44302fc6014768a7b84b59535f57f28615e1816731be7
66,1066,Sita Iyer,36,Female,1506746,Chennai,9533840684,sita.iyer41@gmail.com,1e9fd98ca22e22a78bb8100d9bf6e46aac3761a51974094ce6d5a37677c8e8ce
67,1067,Priya Sharma,58,Female,1379756,Surat,9999056725,priya.sharma75@gmail.com,cb6770a435df639c21b13c5f05964a839b4f0a64c79d14bfa01cecfdb60ec9fa
68,1068,Karthik Iyer,25,Male,1267672,Jaipur,8325069762,karthik.iyer12@gmail.com,4e9620f8d6ae30b8462948e851f9e083bc80b07f2784687fb2f06ee47af62225
69,1069,Ajay Gupta,51,Male,1935039,Mumbai,7228508073,ajay.gupta68@gmail.com,fb6cb993b6126fd63651734d64fc4047abeeb37f967fbcdc0dc711181374f3c0
70,1070,Anil Nambiar,25,Male,629270,Mumbai,7557704620,anil.nambiar99@gmail.com,56d813096e52f92cf1f145b06457c5cdd008e58d65edc1d5fb8e13137a02b2f7
71,1071,Arjun Gupta,22,Male,1836183,Surat,9607414038,arjun.gupta94@gmail.com,75efba53a88aba48b004b46ef85d9600bd90cc4486de45604f3a3db1cac93981
72,1072,Sita Joshi,25,Female,276590,Delhi,6582314912,sita.joshi55@gmail.com,231303a51d6d84476204567ccbe1c84b0f3b58f05d554f955af9163186377e04
73,1073,Manoj Patel,46,Male,977404,Chennai,6574057732,manoj.patel92@gmail.com,dd6b74488dedc266ed0ba98a6af5768ca22514328b1c9d57906298bc0743138a
74,1074,Priya Gupta,69,Female,622256,Chennai,8890247550,priya.gupta41@gmail.com,0eb7b5a8631625b9f31e349f81643dbc3469ec833d5a33e24360e63ac2050fc7
75,1075,Suresh Rao,27,Male,879016,Hyderabad,8612884535,suresh.rao47@gmail.com,4fc68a11fa77237351d9fa029db24ce08e666452073d6cbb2ce7b89892b12a7f
76,1076,Manoj Patel,66,Male,754100,Chennai,9124221058,manoj.patel14@gmail.com,02dc7960d8fda6089a12c0e6e4dd41a1ad7cf375598eb31a523873a745c73261
77,1077,Rahul Iyer,45,Male,1759643,Pune,7924410422,rahul.iyer41@gmail.com,4c25888526c383aec5b92e9d356ffdfb8377c139fd949c61bccbee1a8bb07b3b
78,1078,Radha Gupta,50,Female,616111,Hyderabad,8559260036,radha.gupta55@gmail.com,09af1e6d84684fd1cf9d8e3be140ef9b504d3b1ee48a9aa6b009ee23d8cf9c0c
79,1079,Kavita Verma,65,Female,1610573,Delhi,9483389734,kavita.verma90@gmail.com,27f6a68e0e72ab0f3b45899768568d2a807aec9358aa3d092e352147410722d0
80,1080,Sita Joshi,61,Female,202802,Bangalore,9931993239,sita.joshi71@gmail.com,86e47d9ef1e5f990d5252da0c8ca3c5dc89e2a11a3fbeecda95be9269e2c5f7b
81,1081,Vijay Nambiar,49,Male,787460,Kolkata,7433133380,vijay.nambiar42@gmail.com,71dfc6aa83d0956be41f3ae017993f1868a61603ee36ac22b6956ef857d8afee
82,1082,Priya Nambiar,32,Female,499674,Jaipur,8492990588,priya.nambiar99@gmail.com,577a1d1acd5b96c4b06fca366a049661b6e82a67432309f12410ad1eac78f91f
83,1083,Radha Verma,47,Female,1421917,Chennai,9524183391,radha.verma76@gmail.com,9e7afc0c19551efa14aef88edbb22aac2868d3de857d716bdc712bac47fb6e58
84,1084,Anita Joshi,56,Female,583534,Ahmedabad,7506685654,anita.joshi98@gmail.com,3bdf940e4f09fec68005b2bfc1399f1db2db00762d95a6f0ce477888d2d070da
85,1085,Pooja Iyer,63,Female,820493,Ahmedabad,7866101294,pooja.iyer16@gmail.com,55ad8b0ffee920ccddd567106cb6c18a8d211719619e10c11a6f5ae2f8dd0906
86,1086,Lakshmi Nair,40,Female,671106,Delhi,9431447343,lakshmi.nair76@gmail.com,72f74e06b6ee02bf53f720cbc99d6172b9dbb875a674ac2f4374fec53dfc877a
87,1087,Anil Patel,58,Male,448542,Mumbai,9551804798,anil.patel59@gmail.com,82f87665f45e4ea4ab161fa3ad065676d0fdd404d73f7ff9f16efe0fe982e6c4
88,1088,Ramesh Patel,36,Male,617275,Pune,8337529121,ramesh.patel18@gmail.com,f8ef006bac43750afc1ab149d0a6865c3dac86b0731d2cafdc171c1a0090ebe8
89,1089,Rajeev Nair,39,Male,1766241,Hyderabad,7382261820,rajeev.nair56@gmail.com,c6fcb23cd32eb6c946bdbef710a8cc2d02412e3f11762fdfcaf71129c388378c
90,1090,Sita Sharma,23,Female,1258255,Chennai,7714016293,sita.sharma50@gmail.com,2e2a8b0dafbc82bcb787f62d95d1a2d6f282e21d66aba0ce3529639fdda609bc
91,1091,Karthik Iyer,30,Male,1548159,Ahmedabad,9935024664,karthik.iyer68@gmail.com,65c194dbe2d52ee981ed7579aa20a692c16800f471baff35a92adffef0bfeb31
92,1092,Suresh Rao,25,Male,904088,Kolkata,8133695161,suresh.rao73@gmail.com,8541ee7460696a1c77c9eee1beb171e4138931f8eb8759790f70bade1a32e81c
93,1093,Lakshmi Sharma,60,Female,761682,Ahmedabad,6980990402,lakshmi.sharma54@gmail.com,82a93c5ed982096d67afc271c81fa97b68dc9cd883dd482cf7499d2dc5a1177b
94,1094,Arjun Iyer,64,Male,1733023,Ahmedabad,7663062045,arjun.iyer48@gmail.com,6ac535c1a0b7cc0709cb68cefb043a00f29821ff0b7faa62541208f80faf2888
95,1095,Rahul Joshi,63,Male,1754183,Hyderabad,9868480029,rahul.joshi34@gmail.com,55e936485c3730c9ab41eef7f2e055a43723008755ceb3f401ab6c7b993fb8b4
96,1096,Sita Iyer,32,Female,1140442,Ahmedabad,8802300260,sita.iyer20@gmail.com,f79f8ea95a04345b8c583d581f4176cd873207767bfb172e1a2f7cf3ac883e12
97,1097,Rahul Joshi,39,Male,704556,Chennai,7701566488,rahul.joshi56@gmail.com,12e93b15ed95257127423cccf1f0b05e06f358503ee7073df70fc30cbe4b07e6
98,1098,Priya Rao,34,Female,261716,Surat,8962445983,priya.rao65@gmail.com,008dcb74da1c129972d1fcc6ffd4eb506715184c8cbfa906327926641d4760f6
99,1099,Ajay Kamath,20,Male,1061225,Bangalore,6981605829,ajay.kamath52@gmail.com,6d3862fd25a5e7b9dcd693c23fc6622801f09bcc850e661c5bbbd1214f8f11a5
100,1100,Meena Sharma,68,Female,576976,Mumbai,6665664836,meena.sharma82@gmail.com,8a2cb7aefb2d3c3183a6c6f0c2458c983405e1853411e0792e5159b6f977f429
101,1101,Radha Patel,18,Female,1672552,Jaipur,9551485480,radha.patel63@gmail.com,4b4d61ef696f6f186c2b430a6d287297cfe0030dc01d106ac7446e61a44d3121
102,1102,Sita Joshi,58,Female,393799,Chennai,9652186254,sita.joshi92@gmail.com,dab113cf1c352e82bb0e8617d096319d5421545dfcb163590543b0915ccab725
103,1103,Priya Nair,61,Female,1873192,Jaipur,7092284081,priya.nair21@gmail.com,100a8b74a09926d07b341dfde5a46df3484daec6c0cf0c85e5284c0c339f214f
104,1104,Anil Kamath,32,Male,1425053,Jaipur,9238589678,anil.kamath56@gmail.com,9540265fe946937a42f2d169bd01cab9ad1f03da89778e0afa29d00013d3a7b3
105,1105,Ramesh Verma,34,Male,858630,Kolkata,7397027650,ramesh.verma15@gmail.com,1e5b33a198bcf8fc3169b276274416f303cd38a152f9c258df33ff17b80586ab
106,1106,Priya Rao,58,Female,1406401,Mumbai,6972264863,priya.rao47@gmail.com,28acec88c7d0cc5ed782276f23774eb7c269ba7c2bbf2db868da44954047cf22
107,1107,Suresh Joshi,18,Male,1140170,Kolkata,9051647238,suresh.joshi35@gmail.com,837799ef3d8ece648ef26cb4e7841975cd017315f9b14b4f76ba7d1a7dadd342
108,1108,Lakshmi Joshi,51,Female,1983563,Delhi,9791954514,lakshmi.joshi10@gmail.com,eca9f8f10d7969ea0b7e13e7a8c086f978277a0cb13a36b7e26570850e3a9dd5
109,1109,Rahul Gupta,43,Male,1244554,Bangalore,9213043821,rahul.gupta90@gmail.com,d3f0eebcc29f2a69c278892f9cb1ac868f0b47724eca79624da3d076317e0cf9
110,1110,Suresh Rao,62,Male,1268962,Hyderabad,7118864733,suresh.rao14@gmail.com,6f0e66640d3d63448ad0a17ff0cdfd872a52a3a5dfdafb95861b2e3596005f70
111,1111,Lakshmi Joshi,29,Female,1835373,Chennai,6556875571,lakshmi.joshi39@gmail.com,d903058ef624980899328acb560fa28f314f8952b66898997c32af1a3c24da9e
112,1112,Arjun Sharma,59,Male,1719658,Chennai,8708469730,arjun.sharma22@gmail.com,6ec54cd2c56592f0610564c5cac80c2d3da131c25929a849e48b1054437c1f4c
113,1113,Rajeev Iyer,33,Male,1402679,Delhi,9117313993,rajeev.iyer83@gmail.com,09a65dc483b78ead0a5acfa1fb2d45667437fc2823f8c85e34744ea49c965714
114,1114,Ramesh Rao,29,Male,1764806,Delhi,6812545413,ramesh.rao41@gmail.com,c43f655edfe145a76b68e3715e2c67bb796529503feeee92f4535ff7d0a01662
115,1115,Anil Patel,30,Male,1343274,Kolkata,7669767370,anil.patel64@gmail.com,8d868c3249e4aac6e5e9a94b01ccedb8b777d709f4f0305a226d6c3a78bf2abf
116,1116,Radha Iyer,61,Female,1764252,Jaipur,6587505640,radha.iyer75@gmail.com,9914c7d7ec3156834e804b9932672b1f286c9aee4ad6fa8817674c841e0cc724
117,1117,Priya Gupta,67,Female,575242,Pune,8219033898,priya.gupta19@gmail.com,c01776a2949a865e2c0a9ef25755193a98519cf419f9f4bc486b4a83b9c16e97
118,1118,Rajeev Nambiar,58,Male,1423621,Kolkata,6630734882,rajeev.nambiar72@gmail.com,36c50112eeea00fabbe395f14a63f420dfc94688068f3fa749faffca617e5013
119,1119,Priya Joshi,37,Female,363545,Kolkata,7075755359,priya.joshi23@gmail.com,3daf6aac72a533e8cad72bb6ce8311f98a3c919cd08c8e899de064175b072a6e
120,1120,Ajay Gupta,38,Male,1059376,Surat,8002150936,ajay.gupta57@gmail.com,1afd57c5223ab1d83b35680023a6a908b9d1cce5ae63d0d0561c4c8a0a10d25a
121,1121,Anita Rao,65,Female,1036395,Pune,9594073064,anita.rao29@gmail.com,fc4a64d5014662c386b90cfc2bc1490bbef572091caf89a86f6ae144d74a0c8b
122,1122,Radha Gupta,36,Female,1014185,Bangalore,9876346127,radha.gupta63@gmail.com,6f4f7e656731192a68cc74f57fe64e74b11d5ad98f71f4a328605bcc7ffbcc8c
123,1123,Sita Kamath,45,Female,832556,Jaipur,8678545091,sita.kamath95@gmail.com,3de6a18f7889b9b2ee965f4d6aacf178f61e7fb6062f7627d33ff92371b2bfa3
124,1124,Priya Joshi,67,Female,680610,Mumbai,9348732464,priya.joshi77@gmail.com,29341a72d57205c09ae8cd805892c7d87bbbd654e6244f953b10d2cc7407b927
125,1125,Karthik Nambiar,70,Male,1748388,Pune,6389580302,karthik.nambiar46@gmail.com,c8f599fd3ee9603cc7451cab5b47e9558982d4f79c64eec2b28ada7ed3e62d0d
126,1126,Manoj Verma,33,Male,1188765,Surat,7215557450,manoj.verma28@gmail.com,854ff8c4acca978eca1bc5c947706946263378d9b2e45640027d005c29e5287a
127,1127,Karthik Joshi,27,Male,1937883,Jaipur,9364882195,karthik.joshi28@gmail.com,e5806d728502122b642318e34fd8e18af258673df88342b43b47b45d36e0c552
128,1128,Ramesh Nambiar,44,Male,374933,Bangalore,7504938916,ramesh.nambiar28@gmail.com,367e490827d13dc04bd4c3c57dbd9dcbb1bc7b39290515713d6065d0d2c5cef9
129,1129,Kavita Nair,55,Female,1657488,Surat,6809309894,kavita.nair65@gmail.com,7507b2c0c12ad0f86852cf7eacf7b021f8f6405009817faa7f33d1f55378efe6
130,1130,Arjun Patel,52,Male,1468237,Kolkata,8006358351,arjun.patel24@gmail.com,3c5fda1305fcfa6489692c4b1cdb1cc637bd06631c6923fc7a804b9226c56fd9
131,1131,Anil Nambiar,62,Male,1410034,Surat,6799882545,anil.nambiar76@gmail.com,a9b17059ff404543826ff3bac2ea315df673de81cf71ba853b484caf1f8a71ad
132,1132,Lakshmi Kamath,64,Female,1662297,Chennai,9812373136,lakshmi.kamath39@gmail.com,cb6bd3ec2057920317b77d16d65cebc862d2af3aeac20928c960a473bc1ff89f
133,1133,Priya Nair,20,Female,908593,Surat,6513822219,priya.nair80@gmail.com,98ec29f1f18f231ceee30223c7e08dd4508d7be2d0419740c842d53b5c475e71
134,1134,Geetha Kamath,65,Female,855003,Hyderabad,9611192006,geetha.kamath18@gmail.com,e7b3e4503f53411931225eb1690436a28c87ee0e591e6bba305a81e394c4d5c5
135,1135,Karthik Patel,61,Male,390920,Pune,7208433193,karthik.patel69@gmail.com,0314ddc0d3d71c3fad12c06c968f6da14744afedd3346b095bf828b70f84cd6b
136,1136,Anita Nair,45,Female,399715,Ahmedabad,7146263494,anita.nair53@gmail.com,a044ca7f5b73d4adb9c118aee7f00a808dff3775b457bbdf09a94f94de06d66e
137,1137,Arjun Joshi,60,Male,1820874,Pune,7590688448,arjun.joshi46@gmail.com,d535ed4879d643c38e25b6feb50361434c806e9bee032712870cb4169d18e1ac
138,1138,Meena Nambiar,21,Female,806933,Jaipur,8441434637,meena.nambiar46@gmail.com,ab0c9b7240fcb3dab0ba8e71c0806bbb552cdae3abeb9c211b034452c0480790
139,1139,Ajay Kamath,19,Male,949641,Bangalore,7865533281,ajay.kamath18@gmail.com,63a858c95e058278bc66f412b118e856af8d77222e864f1064ef46a117d03d90
140,1140,Priya Kamath,43,Female,1143390,Kolkata,7469903814,priya.kamath76@gmail.com,1477cf4d02cedda80f54e99f47d726cd3024f4969dbb66c3cb4eec7be7870caf
141,1141,Vijay Iyer,57,Male,1073075,Mumbai,8307469172,vijay.iyer86@gmail.com,de0d68f788bcdf0ad9e7bbdc341f61830108e16d72bee28f554164f361df4be6
142,1142,Rahul Gupta,23,Male,445660,Kolkata,6396621621,rahul.gupta92@gmail.com,e71321040fcb5c66a14eaccfce39d6cfb2bf3a502fd08391e954ba794ea63874
143,1143,Suresh Rao,53,Male,795370,Mumbai,6125527877,suresh.rao34@gmail.com,8b7692ddbefa7e916541318df25b0de210727b1802aff744e36dce2ab3dcdf32
144,1144,Anita Gupta,57,Female,733012,Jaipur,6398220823,anita.gupta27@gmail.com,4e968b26565d18ed43a858fb372040611435009b4cb8811f6f7cae1687bb2847
145,1145,Kavita Rao,19,Female,987322,Jaipur,7361359709,kavita.rao75@gmail.com,5ed91c731e548b773f5ed24f54df45b5c5c596dfdbeeb668253556318a65ce26
146,1146,Anil Patel,51,Male,1966604,Chennai,9684347645,anil.patel48@gmail.com,72d028ebb63ff6331bf6febf7cc5a4d2623fbd8dae8d263876faf91d8fcaa4a3
147,1147,Kavita Nair,56,Female,782320,Chennai,7642349029,kavita.nair40@gmail.com,bbebf6eb317e293d1b07e233bf9f7e88c45abb7b706421c072e585e9845b80d8
148,1148,Meena Verma,49,Female,1793319,Mumbai,8971799275,meena.verma49@gmail.com,5f0d1b80f53b500a2e9180a34c4648d13650fe9470c6f329b24e4c56594615a4
149,1149,Arjun Kamath,33,Male,1490500,Kolkata,9694540611,arjun.kamath36@gmail.com,ad0ed02f6d9c34fda12533773e472a52bbb4557b2c4868d33f4df8bcb8d1d325
150,1150,Anil Sharma,62,Male,1051310,Kolkata,8728034602,anil.sharma66@gmail.com,582ae42fcd5275135c518d61d2a5a441dd656c57d64b6a329baa0e3e165a5d69
151,1151,Vijay Patel,19,Male,706000,Delhi,6823823443,vijay.patel14@gmail.com,4bf02348ed1525d38fdee42942edbb416c43e493cbf33bfc367d4dce5eafefa8
152,1152,Karthik Verma,42,Male,1268163,Hyderabad,7350338527,karthik.verma75@gmail.com,ec58ef76ee55aa7d3247f03630733d06a2f68bd065cb53864ce9e84abeadb431
153,1153,Rahul Nair,20,Male,969062,Pune,7404393298,rahul.nair53@gmail.com,c0ec8976471d5a2c9b4ae4f89e831eef37fc90477692b4917a64ef280a399f8f
154,1154,Meena Verma,23,Female,1560378,Chennai,8686035912,meena.verma22@gmail.com,e778748f6b5c05432c362a5dbb5211c4e572b03b285f5df357a78fb8e1ed2103
155,1155,Vijay Iyer,28,Male,1478591,Delhi,6476500275,vijay.iyer55@gmail.com,51997a32a0bb154fe9e467abbe17e0bdaf2d0bab9892366eab6063f005e96774
156,1156,Anil Gupta,38,Male,1296182,Pune,7107076186,anil.gupta19@gmail.com,dc7fd8cf766e2a48d00750a594579ea4ebcffdb079ceb360e7a159b2386b9b7a
157,1157,Ajay Iyer,44,Male,1593906,Bangalore,6890366893,ajay.iyer70@gmail.com,73bd132a0b3190ce4d2c2d528bf23fcc8d4a8b1fb3d9c84c44c5205f077f2f48
158,1158,Manoj Rao,53,Male,1496571,Surat,9303288279,manoj.rao59@gmail.com,d5a037acc36933d3a22ca828e21118fe1422a9761961806771a025a6e43c7cf9
159,1159,Arjun Patel,65,Male,1995623,Delhi,7097258713,arjun.patel15@gmail.com,66734385905701c9eba7999f3f694bdada84088c36d82022f8b0cc380a4ef079
160,1160,Rahul Iyer,45,Male,373100,Chennai,9696116172,rahul.iyer11@gmail.com,b2746b704d2f52857b79dee444ced8739d75ccd83fd796024d3cc1c93d749b40
161,1161,Ramesh Joshi,70,Male,1217594,Bangalore,9917651879,ramesh.joshi91@gmail.com,4b829c5807c1377b90177ca57b2d94db648c92a70db15d97eb3f36b95c123508
162,1162,Pooja Rao,61,Female,346857,Mumbai,9963471063,pooja.rao55@gmail.com,a7437383317eeb9cf9abfd97bdcf289b37e23af2bbd49343a8bc38b9d905f3f2
163,1163,Sita Joshi,43,Female,1023187,Jaipur,8184322091,sita.joshi46@gmail.com,8b8ba6590641f51209948fa8c5adc80de93ae621f3b7b3346b8d5ec4d3e9c835
164,1164,Priya Gupta,29,Female,794175,Hyderabad,7578925863,priya.gupta38@gmail.com,19a96762f0bfa57fceb5d8db7ce8551f60cd15f47996645587b023b189adc5cf
165,1165,Kavita Verma,63,Female,1901012,Kolkata,8599886311,kavita.verma23@gmail.com,a5644e16ba657e76188fc5cf35388e5cc9fb0591cef0726664bde8845546dce1
166,1166,Meena Joshi,58,Female,1267745,Delhi,6589079473,meena.joshi14@gmail.com,d4277f70ef12a18d521e5188ca8d0d9c8b0895713dbe85adb15b061975d17f3a
167,1167,Rajeev Kamath,60,Male,1070066,Jaipur,6550295535,rajeev.kamath66@gmail.com,4eb9abd0fe88fee21bcd75e500c22c930fed39acb41dd08d1089d470fd58dd73
168,1168,Vijay Nair,25,Male,240254,Mumbai,8614526094,vijay.nair36@gmail.com,9ff3e7fc2c1df69b9b74c3ff696b3614be89e3f37daa10ff93f4ba67d09ec3f5
169,1169,Pooja Nair,36,Female,519460,Pune,9179287624,pooja.nair47@gmail.com,81b9ece5c312f734c68dfbfec6f0d7fb4f4c9d131e963f3714acf9b7e3d43829
170,1170,Suresh Nair,23,Male,1063579,Chennai,9445641622,suresh.nair41@gmail.com,750631e0ef6b18d5f2efe111af118c3cd91509912e3ac54d44dea8bb2190d777
171,1171,Anita Kamath,57,Female,360139,Ahmedabad,8544788850,anita.kamath66@gmail.com,bcfe27595bb190d383756011d9fe85f0c37ee411f1bf5eb05c03bf4064ef0526
172,1172,Lakshmi Joshi,65,Female,964899,Chennai,7270292947,lakshmi.joshi19@gmail.com,bbc29061b296d366049e04c2ddb79229300e2808583a636a0a633bc0f5a1e400
173,1173,Ramesh Joshi,67,Male,381477,Kolkata,8061707547,ramesh.joshi23@gmail.com,148587389bab8ad4a06b3de3fdeea00a14b37804a5b7a507b58af50152050f99
174,1174,Sunita Kamath,28,Female,1899538,Hyderabad,9518334226,sunita.kamath66@gmail.com,c3d14d227d9273577a02357c2d67914651435908002842faf270f5a0d960ec2c
175,1175,Anil Joshi,48,Male,490973,Ahmedabad,8493045540,anil.joshi95@gmail.com,66d1b95ddbdfebff5c1182c21ced06fa2ef9147289396d79dba98c48f18a5b7f
176,1176,Anita Sharma,62,Female,788114,Chennai,8582309703,anita.sharma95@gmail.com,3dc22d4fbad9b53c078603f803db6edda01180c90d71239202b3813628b5ab5b
177,1177,Ramesh Nambiar,59,Male,1437795,Mumbai,9570193096,ramesh.nambiar76@gmail.com,39256adb84d4f360b0182166ece8fc37806b9b10ed5a09618f3fb62652fc7d16
178,1178,Sunita Joshi,70,Female,1633632,Bangalore,6975831444,sunita.joshi75@gmail.com,492d5e5b62db71781a2ad8a8179d9d25d51c0faf04b04b22c5e295f69bb0f8fa
179,1179,Priya Gupta,27,Female,257565,Surat,7315059435,priya.gupta79@gmail.com,b8348ac2e386c68dd1daf2959b05179d6d159450a31905a7ef422f17e2a6ba1c
180,1180,Kavita Rao,35,Female,562322,Jaipur,8342602405,kavita.rao81@gmail.com,eae9f1cadc7f70f32684bc878f560b6afeb146069e30aa85b2c8a4c7e7b0a6a0
181,1181,Anita Patel,36,Female,1691072,Jaipur,7214333962,anita.patel36@gmail.com,8f3585998acfc0dfa518ee8b47ef04952e932f6df1beb33a75d78b0f7f6eb4d5
182,1182,Pooja Iyer,31,Female,1367904,Ahmedabad,8517132376,pooja.iyer10@gmail.com,83b97e980644c92e7e01a1159fb1833dcd060f75a0d023414ec5ee58d7d405d1
183,1183,Anita Joshi,56,Female,356398,Jaipur,8110251968,anita.joshi44@gmail.com,7621da4d2572f9fb0c422db4b25b6526099f95987c90b5deaee8de117b5b0900
184,1184,Geetha Kamath,58,Female,1277683,Hyderabad,7457545708,geetha.kamath22@gmail.com,5daf50605c2f6089466fb0d83993932321542e0464222caad9224977cc0c3062
185,1185,Arjun Gupta,31,Male,210231,Surat,9519723589,arjun.gupta29@gmail.com,c124e8c34def42c04cd1761352e366b126136c1359b6b2fa072885f2f357e5d1
186,1186,Radha Nair,46,Female,992496,Jaipur,6619737751,radha.nair59@gmail.com,10c90cd1d2ee57c140abdc4e36b85ffb1a1e4387e701d62af9b005b18876c256
187,1187,Rajeev Iyer,59,Male,1755100,Pune,6634585408,rajeev.iyer12@gmail.com,d58a821f22dce20f9053b9a861e95a2ba29a8e431ecd6e6b977aff33041c972a
188,1188,Radha Iyer,62,Female,1484096,Bangalore,8147093366,radha.iyer64@gmail.com,950ce513b46096a4c80703dd620780496057bd4dc79f9532fd7f637842dbbcd7
189,1189,Pooja Gupta,26,Female,639606,Ahmedabad,8475113522,pooja.gupta73@gmail.com,e00458b30639de853173ad5b37d43b90c26aff1a1d3f29e238addd43348efd3d
190,1190,Ramesh Kamath,50,Male,1316874,Bangalore,6522396478,ramesh.kamath34@gmail.com,b5a7c6b3be1bf3edeecef7f921f21e3339f65be72713416646b2db6594f8dc8d
191,1191,Vijay Joshi,29,Male,1282801,Bangalore,9519878685,vijay.joshi47@gmail.com,f6debc16c87f6b3289410b61d8a8edad966d35eb92c4755555609670b4af8de6
192,1192,Rajeev Rao,48,Male,1623736,Chennai,8435938719,rajeev.rao52@gmail.com,da46c10297c498c120c99e9bd4b480bdebeea5ea60404e71e6b7ab664b16653b
193,1193,Ajay Nair,31,Male,1071245,Jaipur,6472185919,ajay.nair79@gmail.com,77cf4956ad652a77ea4d051d66db5b13d296766d8fcbd9ff97fcc33309f318c8
194,1194,Geetha Gupta,61,Female,1937034,Mumbai,6195009050,geetha.gupta67@gmail.com,32cb23c6aed25eeabe28874d6e1dbacfd39773eb9931ee81461c108f263123a3
195,1195,Arjun Iyer,46,Male,1542963,Ahmedabad,7648258779,arjun.iyer60@gmail.com,7d115f668526873ba6089c3c22f3b882c811e6ec038b06098cfb61dde711d606
196,1196,Radha Kamath,56,Female,325262,Delhi,7054347479,radha.kamath52@gmail.com,5e5e32902f1abb2bf90b3ca221ea353128242f7fdd62a75197213671891c5f0e
197,1197,Kavita Nambiar,48,Female,307761,Bangalore,9465174744,kavita.nambiar73@gmail.com,b19f83b94a6a1494f8ee7171e93884a5192cd4e7d121d344b0182cbc803d1a1e
198,1198,Anil Gupta,22,Male,245744,Pune,6246693134,anil.gupta80@gmail.com,7ef0c2932b5f320354d3a4fdc1b241c92eac174c012c16112dde56695f6368dd
199,1199,Kavita Gupta,37,Female,1336932,Surat,9379206127,kavita.gupta62@gmail.com,7f29a5d7f90d7f8074f2081b26bb7adffa4ce0db4a3406fa626eaddcab01d918
200,1200,Manoj Iyer,46,Male,753292,Pune,8521562398,manoj.iyer60@gmail.com,82e0afc7a64a27953262a5e5ce821bc6cc925bbb4f2d8ce6fac6b9312cc06a67
201,1201,Anita Rao,25,Female,1502617,Hyderabad,7703764246,anita.rao81@gmail.com,8cb4be0bcaa4fe596b32511a2d65fa4a07c646d02022c0c7f8fd916276d83d58
202,1202,Radha Nair,26,Female,509544,Mumbai,7959592384,radha.nair11@gmail.com,fd3f1c5b0d37930147992e39bd529a4cc0412882d8047c406e75d0a2282f1cbf
203,1203,Sunita Sharma,23,Female,1212794,Hyderabad,9322451795,sunita.sharma32@gmail.com,aed91787eff4bfc9dded630a4d5036961963205f1c78bb031a823d77e9c924fd
204,1204,Priya Verma,49,Female,511196,Delhi,9043242201,priya.verma74@gmail.com,f453f5c3e70f3c2e2607a79f4b1c5f15e1b0d99137df95ce77d3e80c28e008f4
205,1205,Radha Iyer,55,Female,1423438,Bangalore,9473115617,radha.iyer46@gmail.com,093f52296a90ac8f1d541965a84eac257a13dc3b7fcf53da226077dfdfbf9249
206,1206,Vijay Gupta,35,Male,1454707,Bangalore,9424792200,vijay.gupta36@gmail.com,f47921cd2b3a91f1e5a165337b9f4c99529fbefaf05129f104991ce32452a4ae
207,1207,Radha Nambiar,61,Female,1801969,Ahmedabad,9462747803,radha.nambiar82@gmail.com,bc62b81ae363abce3841c055dd4b37fde88ecdfe2039b23a898f6fa717a34618
208,1208,Pooja Nambiar,61,Female,1851780,Ahmedabad,8317843494,pooja.nambiar39@gmail.com,1635852358f7a332fbd9071176b095dae55595f1d3866223e95031effc6810d5
209,1209,Sunita Rao,51,Female,1368065,Chennai,7687589249,sunita.rao95@gmail.com,be72a0dfcc2816e2b45cc5e244f380d7041c518c0d2ee0ea9fdaab58d1aa29b6
210,1210,Manoj Verma,64,Male,1348113,Surat,6872847606,manoj.verma96@gmail.com,12d5a793d776cc8a74266bab44d5228376dcdfb54f3b93dab233992a539e2caa
211,1211,Ramesh Gupta,48,Male,1177460,Hyderabad,8533492669,ramesh.gupta21@gmail.com,af3a72d2b0e2394c21089cd43a189bcafb6557876003f7ff58a96628debd0790
212,1212,Rajeev Iyer,51,Male,810430,Delhi,9685242945,rajeev.iyer56@gmail.com,8f8b7e550f94c6277af4274e950665c467f4faa15865fdf9a014fb927efb8f08
213,1213,Rahul Nair,68,Male,1297828,Bangalore,7106611189,rahul.nair69@gmail.com,0e7f7ea6b0f545c83b2eb4ccfb69b462a1a17754f2b3df9b83182d2e1fc25fdf
214,1214,Meena Iyer,59,Female,840275,Pune,7270213237,meena.iyer38@gmail.com,9fdfcc88029cd899ff9de3dd29142fd6760f1b1755fc0f8e404f10c5cbb7bbb3
215,1215,Arjun Nair,26,Male,786384,Delhi,6845934680,arjun.nair79@gmail.com,d98bca25bb1c781321ac557ee257f117065ee1032b20b5c5dabbbb950dd6c221
216,1216,Meena Kamath,20,Female,1765202,Ahmedabad,6738498263,meena.kamath42@gmail.com,ad594532024a0e9dd884dfe0b7576332c1e4f0c2bdec942ae47b9d4be9bc8fc0
217,1217,Karthik Sharma,52,Male,1064353,Surat,6952993298,karthik.sharma20@gmail.com,8f37f1d4d59c6afe22e32d6fd5b9da681d640a936f183a3b2c8f143e975b51c4
218,1218,Rajeev Rao,46,Male,999165,Chennai,7367580734,rajeev.rao34@gmail.com,f4265cd18a984d5cf57bab61231dd1bb425c83ad3648e37020984664e9877a57
219,1219,Kavita Sharma,64,Female,1316301,Hyderabad,7091155369,kavita.sharma56@gmail.com,7964732249279b4760c820e9414fceeceda86277f04dc02a29768a62072baa16
220,1220,Rahul Sharma,25,Male,612535,Pune,8143412416,rahul.sharma25@gmail.com,0920a856bf291ed6288b73745984875731aa691a690d2211f240869c117b1cde
221,1221,Kavita Nair,61,Female,1175652,Chennai,6722895986,kavita.nair98@gmail.com,425e768d30d7fa62aeb63ac1c7a3a3d20bc362cbbc96e8e33e4b6bd2b79bb5b0
222,1222,Karthik Kamath,54,Male,835371,Hyderabad,7820729895,karthik.kamath94@gmail.com,7ebe0393cbd8118c219a6fd83d1fca8fb8768a7e0d904a763495ed156535d1e6
223,1223,Pooja Iyer,18,Female,1747778,Pune,8967985462,pooja.iyer41@gmail.com,0729d3b63e55a1e3c0da057554b9aece89d53144b511b63ec842dbaf0205d0f2
224,1224,Suresh Nambiar,51,Male,1382099,Hyderabad,6790522181,suresh.nambiar97@gmail.com,7b9624d6d1aec31dbdffeaee620c9dd1ccfe9c3cd6b9407974265ce4c7ac5970
225,1225,Ramesh Rao,28,Male,1588820,Mumbai,6567005244,ramesh.rao13@gmail.com,425d428931c32f826b81f3533289fdf885f5d9565258e24c31b805bfd53f940b
226,1226,Pooja Nair,55,Female,996102,Ahmedabad,9498060123,pooja.nair72@gmail.com,98b30010f4b03e0a9269bf6d15df4874b85942284584f06246a1095354553cc3
227,1227,Anita Kamath,58,Female,1083314,Ahmedabad,6378226881,anita.kamath86@gmail.com,f114e403820041a15976d7ae1a19d42c8544eaa783963711fd332f168916cbdd
228,1228,Arjun Verma,66,Male,789173,Bangalore,6362591239,arjun.verma32@gmail.com,4b9014a6028b14292f4069c60ee643f9d38d6b1f49e994efcc2be0dff5eda9df
229,1229,Rajeev Patel,36,Male,1334435,Ahmedabad,8773296997,rajeev.patel20@gmail.com,e41c7f1e4eff5814af75e353b74a5354361a4d6e0019b2a93e423faa4dacb8dd
230,1230,Vijay Rao,60,Male,495047,Jaipur,7004882298,vijay.rao90@gmail.com,8efaf09782866f819f9e2f589f0427046727cb32120b7f26b36ed26ab367c018
231,1231,Arjun Kamath,30,Male,538681,Bangalore,9991839741,arjun.kamath64@gmail.com,472ded83a546ce40e061918120e6e164d0a8a3ced643167836aa317235403312
232,1232,Vijay Kamath,36,Male,1467775,Chennai,8001863397,vijay.kamath53@gmail.com,94385d4d0edbd9068320e11b7fef9a4a516475374d5f763e02402ae649956b8f
233,1233,Priya Nair,28,Female,994094,Surat,7537522662,priya.nair71@gmail.com,4b91decf0518fd07195d01f9c3e1945ab19e2361a59a5df91ef45f59ba62b747
234,1234,Arjun Patel,42,Male,1339623,Hyderabad,9992599060,arjun.patel97@gmail.com,b2e0b4264bbb13ed2892a11ba1362d02654942324b8ff3ce39f574b0a094f68e
235,1235,Anita Nair,64,Female,1996433,Delhi,6156635386,anita.nair53@gmail.com,286b054505a8a61a39bc0419ad2b0cc8d9ad77fc745ba4fc3fefa1c681c48509
236,1236,Lakshmi Rao,45,Female,1465022,Jaipur,6373508643,lakshmi.rao60@gmail.com,15cfbfd3e91cf5481e8d8d40a15ac8c7878d9e8fe5c1ab7fde893ffc1de55c41
237,1237,Sita Rao,43,Female,1383487,Jaipur,6213509045,sita.rao70@gmail.com,474eb717912480f848da484b51a2bd9b3410089eec6a8ed51376b1bb0833b170
238,1238,Vijay Nair,18,Male,1670359,Delhi,8268495500,vijay.nair65@gmail.com,66ea74b8fb02ff7ffd3fe061fd8d9c7638d059c847b9c1209e35134615e170c0
239,1239,Karthik Gupta,26,Male,1655068,Bangalore,7904232925,karthik.gupta23@gmail.com,c69676934cb9a99fd29b05850814401923df6db9a15097e111811f14c91e15f2
240,1240,Ramesh Gupta,49,Male,1102321,Pune,8884269894,ramesh.gupta56@gmail.com,da490a87367b1e65381a69c849befd07fc3b5cb92c5b1ce760de45772514366f
241,1241,Arjun Gupta,67,Male,461418,Delhi,7375629503,arjun.gupta67@gmail.com,d9af8cf68af0fa3e5008345f17389310d7b88e5f62db6233e270c17750e624fb
242,1242,Anil Gupta,26,Male,341175,Bangalore,8674322816,anil.gupta94@gmail.com,4df200b83404c82ad9bb2810354c0855ffa9a94997b8192f9ae76cbbd76ca938
243,1243,Karthik Patel,48,Male,1951569,Mumbai,7638225601,karthik.patel20@gmail.com,b809dd557d811bdbeee7943e7df440e889501c9314b6ac845649af6de45e1e81
244,1244,Vijay Nambiar,31,Male,1606410,Bangalore,6049306811,vijay.nambiar22@gmail.com,9c7961c841794f5115be27649841c81b1b10f0358332c59e6759209f5af86a8e
245,1245,Manoj Joshi,32,Male,1457842,Delhi,9153425404,manoj.joshi72@gmail.com,19e609267d0da88fbcc53f84ac41ef696ccdc6379b7c7eea5cf362df4212ff3e
246,1246,Vijay Kamath,48,Male,491508,Ahmedabad,7343348363,vijay.kamath12@gmail.com,ef141323bbd9fb6d41dff69634dc8f629b9dbeda668e40018af77f016a2c0283
247,1247,Manoj Sharma,43,Male,480314,Bangalore,7504788714,manoj.sharma83@gmail.com,d66149fe6dcfbe7b0b9d1b30b1aad524a8d78be1b1b158275a3df6bc22ca176e
248,1248,Rahul Kamath,22,Male,1294044,Delhi,6077926033,rahul.kamath49@gmail.com,59ea1ca4d4bf2cc6c4add2cdbc1737cc9a838e95da0a1c973144d24fa8bed480
249,1249,Vijay Rao,43,Male,1302219,Delhi,7818810074,vijay.rao57@gmail.com,0ba4e2f3a3c60c46de23f0395d0c76c4726b42053e79dcbd306a78cdfc7ee806
250,1250,Geetha Gupta,43,Female,1935976,Kolkata,6139648073,geetha.gupta70@gmail.com,6ffec1c87002257a1a02fe19ef47adcbbcad759e6a37b30bdbac777737596500
251,1251,Kavita Rao,59,Female,1555305,Surat,6289753729,kavita.rao54@gmail.com,b4260420238dd3cc67c385a7a449a448702c3728ebd2823bc040f4d21d063de6
252,1252,Geetha Verma,65,Female,940970,Chennai,9046211491,geetha.verma92@gmail.com,72aca91c3069210a78dc8474c1d8fc6bafe07e97c1a6210fb53aaa5b288e60c7
253,1253,Lakshmi Nair,42,Female,1380254,Delhi,9884339640,lakshmi.nair20@gmail.com,7c9d5fd36a2c0d0e38cf3bfceaa66f451b46945fcad261b00fc57e60a8843f40
254,1254,Rahul Joshi,50,Male,239976,Jaipur,6031116128,rahul.joshi54@gmail.com,26a2cdae96cf878b7597f3e8d5c4bebdc3233a5d058d6a4615416bf9c87fa8ad
255,1255,Pooja Patel,43,Female,798686,Ahmedabad,7091173794,pooja.patel56@gmail.com,0610a8901d1630799d96ae4101cba56135ea6ec245144baad78c9f1fd620a8fa
256,1256,Ramesh Iyer,58,Male,1057238,Bangalore,8701916029,ramesh.iyer16@gmail.com,e366450739bbe44c08f303569e674992709db18a96338ab7b164ef4dec02bafe
257,1257,Sunita Patel,39,Female,1138049,Ahmedabad,8189589835,sunita.patel90@gmail.com,15c83f02aec35a58f4c973072dfc4849199011f6ef6d86657d9a0d2e1108db88
258,1258,Radha Rao,42,Female,744355,Ahmedabad,9392674805,radha.rao49@gmail.com,96382fffb715be03fae64d49cde48caf82a0e3cf1068ec01c90f16a8cea9d52c
259,1259,Rahul Nair,30,Male,1530451,Kolkata,8372558621,rahul.nair64@gmail.com,4b94f43c8ca1aa304ef5e0205adb592a59e08c5c5d38928fb2c9f2bd4f1e8720
260,1260,Suresh Nambiar,29,Male,1149131,Delhi,6008755319,suresh.nambiar45@gmail.com,7c4e00c6f5abdd4fb743bf5bbdceae7c850a58d99bc31c9795475856ee479648
261,1261,Manoj Nambiar,34,Male,737504,Pune,8459835607,manoj.nambiar12@gmail.com,ae74ce56094f0fbeb040d4aa1a6fc313ac588ee53f74b0b187ca9cf95eb22351
262,1262,Kavita Sharma,33,Female,416889,Jaipur,6060640760,kavita.sharma25@gmail.com,519b0efd115a8e534654f94c42c8b525f73176fb73b1fd77a9475a6c7bda7569
263,1263,Geetha Nair,30,Female,390627,Ahmedabad,8509460850,geetha.nair70@gmail.com,6efa2bb061c7bed481d395905bfcb39f5b881e683b2ab52ccecad4e7423ff6a5
264,1264,Geetha Gupta,64,Female,760955,Jaipur,6379242944,geetha.gupta74@gmail.com,8b33bbdc6c176355b817bdc930d742867ea66b24626cd5cfe0505793071d5e3b
265,1265,Sunita Iyer,57,Female,1755383,Jaipur,8208751147,sunita.iyer35@gmail.com,cd71038245f27a26686da99b32c5e3408c8c5402a898b1a5df1c6dd1e47ff055
266,1266,Kavita Gupta,29,Female,310527,Kolkata,8708471982,kavita.gupta43@gmail.com,d9a1aa6272d14740375685f58fc6b10721d15445f075c58eed796a1f8c0b2ec8
267,1267,Arjun Kamath,32,Male,878170,Jaipur,9409460853,arjun.kamath33@gmail.com,0ce280e407860cd7ab276bc7929ce835feac0684ad629a464fceab6bf64bee53
268,1268,Geetha Patel,41,Female,757814,Surat,6041839078,geetha.patel99@gmail.com,f12734dd4407453f0d7c9890d0f8bfcafa4b0deab3b216d9ad53575268182d82
269,1269,Suresh Rao,45,Male,1635412,Hyderabad,8760909240,suresh.rao35@gmail.com,0fc8194b0f1453b8165a4c3e145613b99bfa8feb9db498d1c087547213d9e36d
270,1270,Ramesh Rao,65,Male,742177,Mumbai,7263842744,ramesh.rao52@gmail.com,7e80ef74ca11dad8a08de9ba880951b05694037dea501322498d9d2056c4d6b1
271,1271,Karthik Kamath,62,Male,1993904,Ahmedabad,8631594754,karthik.kamath62@gmail.com,0bf3b039b4adef73fbe2227c32c696656ec96e8d0a9bf1c9a6c26a49e1b25131
272,1272,Radha Patel,31,Female,433159,Kolkata,8123762055,radha.patel56@gmail.com,a5714cc666af22494b1079d66b9f2e8f2afa63f46ea9b3ad89d2ee7df6fddd56
273,1273,Manoj Nambiar,54,Male,1644148,Delhi,7868747260,manoj.nambiar56@gmail.com,1273f2440e9377b43e3564cd4a6dfdb81297299646176508b35ad1b56d1f5ebd
274,1274,Rahul Sharma,46,Male,1444194,Hyderabad,7057422330,rahul.sharma49@gmail.com,6ceead74f1527206120eb4403889e2bd1ba63501fe85bea325907346e17b35f7
275,1275,Anil Nair,31,Male,741822,Delhi,6571796500,anil.nair62@gmail.com,cc9621ad7183405f096fad0c8772c1bf6afa4bb310e7c5a6c79187e052458b08
276,1276,Sita Nambiar,47,Female,901058,Chennai,9508077830,sita.nambiar48@gmail.com,5e2f81ba843377289b057468ff491a60e3c73ba60f5af36d183ef79a06773048
277,1277,Rajeev Gupta,44,Male,1418924,Delhi,9409727571,rajeev.gupta42@gmail.com,dc8a17196a99377734cbcc62929fdae4d950028bb25e976c15a2a84d18c26303
278,1278,Priya Patel,34,Female,449462,Pune,6481696968,priya.patel15@gmail.com,c647ea1f9e6bf7f2441842b235e8b7e9281226e1950ff2690bd11b4e30965447
279,1279,Manoj Joshi,65,Male,1973040,Bangalore,6008699061,manoj.joshi64@gmail.com,4e8d6ecf411b28394612a1118df1de279be86830de824af652717ea59367d009
280,1280,Anil Rao,33,Male,618252,Jaipur,9138185408,anil.rao63@gmail.com,b2660ad01832c615616fcf5812f61e255070aa30f8199d3ce6107745e0ceb312
281,1281,Sunita Gupta,64,Female,1208429,Pune,9201582587,sunita.gupta97@gmail.com,909af6daabc6974ed38f841106e0152ebd508504911696558ca031035de0b03b
282,1282,Kavita Nambiar,33,Female,645498,Ahmedabad,7659396896,kavita.nambiar84@gmail.com,273475a9c7c111061ed3056b58052d343a32709c6bd642862dadadb8c7e53c57
283,1283,Meena Patel,64,Female,1481869,Delhi,8140457724,meena.patel80@gmail.com,88eebf57c533a1f2dae6aa9442c532a886aa88e5f7b04cd5441e05bd61d4e79d
284,1284,Sita Verma,23,Female,211996,Kolkata,7926866315,sita.verma91@gmail.com,4c2bc92ad9c3c6348af0320034d8ec3dcfe6b806189ebf4aabda6efe69c06e57
285,1285,Meena Joshi,33,Female,1898866,Delhi,9655323510,meena.joshi13@gmail.com,4fe9795af5d5483f91512157f58f164e0fba7d7aa7abe02b5e62fb9c7f06b6da
286,1286,Ajay Rao,38,Male,946611,Kolkata,9286083486,ajay.rao79@gmail.com,95959350b6a58ee3b5a844b1bedfbe89f523731044fd89d0e3f073cf8a520add
287,1287,Geetha Joshi,70,Female,1068790,Surat,8116405771,geetha.joshi53@gmail.com,a4f9dbc411205f28e1028f8ef42cfdbf2f77f33e333df7a528a9ee67a1674278
288,1288,Geetha Nambiar,35,Female,1528310,Pune,7580207632,geetha.nambiar67@gmail.com,784b0143dee928d43fa35b7656601018d54a73be7676342924cc67e3b8db4119
289,1289,Rahul Nair,65,Male,1785092,Chennai,7118269398,rahul.nair87@gmail.com,faa9d3ac7c58daaac20c49de475c7f8e6ff825d50ffa96b058ac8c0a73741a58
290,1290,Arjun Kamath,41,Male,840179,Hyderabad,6460805834,arjun.kamath76@gmail.com,d0691fd7901f63eeb182614d7d531154e8f96baf598d2896cd9cbb3b03c8d3ac
291,1291,Suresh Gupta,59,Male,200531,Surat,8402640087,suresh.gupta42@gmail.com,2b8c444f6621aca92f4cd85bc2de92cd12bd84a22856a2e540cd7f3b4f9f4f64
292,1292,Sita Kamath,61,Female,1810141,Kolkata,7528608568,sita.kamath59@gmail.com,18a2ebda81ca1b5e76e403829f36b28d4543d0b86f56c732d9a332ad67420743
293,1293,Vijay Patel,45,Male,703912,Kolkata,8450208329,vijay.patel66@gmail.com,a609d36839b07c28b692142d0d3d00f8135d1c1271fb25aecd9ed73603e2fdbe
294,1294,Suresh Iyer,58,Male,1170455,Hyderabad,9722758179,suresh.iyer54@gmail.com,7044cc441b6d640c1b4f4500c5e3de80727f0dd28d9e66a7a77d7e9bc454ff81
295,1295,Lakshmi Nair,67,Female,439175,Hyderabad,9222145859,lakshmi.nair27@gmail.com,dc05d5694785e9acb781e2b8729d3a534ec96c767bebe0436fcad70055e36f27
296,1296,Arjun Nair,67,Male,1594074,Hyderabad,9049515579,arjun.nair67@gmail.com,d4847cec60702fbcaa5be8dc31d495e5a3772f1ae4c53b688c6ca2b342831006
297,1297,Lakshmi Verma,22,Female,1695388,Jaipur,8261043144,lakshmi.verma64@gmail.com,4323b45978dc11067c38f837685c45eb03c4bb0f1e79a90bab5572ca0ee42cbc
298,1298,Ramesh Gupta,60,Male,957305,Bangalore,6261954049,ramesh.gupta73@gmail.com,f82f3f3fd78590fdbf2ff44d416b23b4468c647852a69d532e1d8ffbfc872edc
299,1299,Ajay Patel,64,Male,347505,Kolkata,9618830356,ajay.patel51@gmail.com,d8ad3eee8fc8af63e5eaa16a8fa77e0aa97b520d163cd9e656b065e40a4b4920
300,1300,Suresh Iyer,70,Male,214802,Hyderabad,8853402186,suresh.iyer27@gmail.com,11029136ae0381512c1bb6ffa3a6d82dd989c7abf630db406c5c6aa2481e1bb2
301,1301,Anita Verma,27,Female,1902518,Delhi,6961060706,anita.verma19@gmail.com,70af4cf8ceecee0abf38f583d6f4ea2e848cbdd76500bbd7f991eec00da7780c
302,1302,Lakshmi Nambiar,34,Female,1359411,Bangalore,6361213070,lakshmi.nambiar22@gmail.com,fb0671ff8a71aeb9c3167bd75196e744b97bd974f369d7a4b29311baac6035d3
303,1303,Lakshmi Rao,61,Female,804625,Kolkata,9793438181,lakshmi.rao51@gmail.com,861998a5ed9d30f877e304982947d0063ea93e11cb8d9c4cbb30f678b2bd6cf5
304,1304,Karthik Nair,34,Male,745690,Bangalore,8776459933,karthik.nair85@gmail.com,d078b9b1b8419b19df29cf2bc7e67a6a0418a567bf36d9427299822b833cfb7e
305,1305,Arjun Verma,27,Male,1586352,Bangalore,6855361557,arjun.verma84@gmail.com,2c61f134da979c3cfe024bccc12b42a5deff304a62c7fe40b47ee19a2ca51303
306,1306,Radha Joshi,39,Female,1931672,Pune,9189628894,radha.joshi54@gmail.com,be64d287ebea43171199f14a9dd4bf0ed6bb588c373caac2580564ac7dd853bc
307,1307,Ramesh Nair,68,Male,837305,Jaipur,9301878859,ramesh.nair77@gmail.com,9676355cba8bfeba7ddcb86a5e91c2c7491fb0248c10b8ef6d4fec2d2ba925c0
308,1308,Meena Kamath,56,Female,1527383,Ahmedabad,9106643281,meena.kamath55@gmail.com,41cc61b07111ed67a9bd1a8642cc8a78c6d67f4690089c5b9c02c18ef63e3a5b
309,1309,Radha Joshi,63,Female,779090,Kolkata,6616034923,radha.joshi40@gmail.com,e8d8fb5cddbd13912baa4408bd293b98c71ff022a496b300642c26ce4aeda496
310,1310,Meena Nair,49,Female,558426,Hyderabad,6770859896,meena.nair39@gmail.com,1ef6ceb75bb0cb25811b15151ae73ef5cfff27bf6766597941aa7ef2a92bf005
311,1311,Meena Iyer,50,Female,480288,Pune,8185799131,meena.iyer64@gmail.com,cef4c2f66a195becb7277dfe98818b1f0944c9a350ea66b0be96eecd17223c0c
312,1312,Geetha Patel,67,Female,995651,Hyderabad,7032376212,geetha.patel74@gmail.com,6b05b8838da933efa4e476803b01c444f93c2ef17e49633741632741b3fbd92a
313,1313,Sita Iyer,46,Female,1417432,Mumbai,6535771545,sita.iyer30@gmail.com,96890789b33003e57cb9b7ba9cf40b4b90c589dc416eb45f5c5f23c1fe74906e
314,1314,Sunita Joshi,54,Female,1392770,Surat,8852152417,sunita.joshi58@gmail.com,59281d52d340e31d700618662923f6db1f14fdf2fa947b12d2077fa0ec485ad0
315,1315,Geetha Nambiar,51,Female,462585,Surat,6912410439,geetha.nambiar45@gmail.com,89e3a53e62c3afc2b7f5eda8e3a45bbe67a976f319d17bb75a3ee5d7c45f4f02
316,1316,Anil Nair,55,Male,994605,Pune,6689189235,anil.nair56@gmail.com,d5bebe515ecd8033f1daef0123df5ec1386b6a62c0c1203eba2717394ea65309
317,1317,Arjun Nair,56,Male,323495,Pune,7050770857,arjun.nair91@gmail.com,5aed057ebe5cf8a191b039224916f272133a6ce2fa397c9a45fc144ab2afe643
318,1318,Lakshmi Gupta,41,Female,1187718,Hyderabad,8751397308,lakshmi.gupta94@gmail.com,899536ef1b1c8292ea686215670c64af23ece6c94a7654c41ba437ca5926ce60
319,1319,Geetha Verma,27,Female,1664468,Kolkata,6733849572,geetha.verma41@gmail.com,0876cf591bdb0e2ed5d7405cf99ce914c2aaa91fd3700d7edd9cc94cddf47ec6
320,1320,Manoj Kamath,31,Male,1570557,Ahmedabad,6347224503,manoj.kamath56@gmail.com,573a18d352b797f366e9801fa9c3e08dc81445b6af6b616c559482067d506930
321,1321,Anita Sharma,25,Female,916895,Bangalore,8035191164,anita.sharma69@gmail.com,3e6f01c613220f0e87bdef69ab0b02575bb5c4d880a08e582a185a76afd1d7c5
322,1322,Anil Gupta,69,Male,1233586,Mumbai,6670874687,anil.gupta34@gmail.com,3339d9808e8cc3a73a19636b80871f1d76af28a985013abbef362a45e006f453
323,1323,Rahul Patel,65,Male,1937283,Bangalore,9386135090,rahul.patel13@gmail.com,4bd5d44288d90df7fd06e7e5150ec8df484d0b2d9122c56300fefe2030051e7e
324,1324,Rajeev Verma,59,Male,1931081,Kolkata,9576077762,rajeev.verma64@gmail.com,cf012475b542a27678d2b83a92965e9e9866c13d1f626f21207bea4c6ca3e991
325,1325,Sita Joshi,65,Female,1955195,Mumbai,7973819034,sita.joshi35@gmail.com,8eb74d80db875c867e3aafecacd9b11c37d0f45682f82715eda93c65675d2360
326,1326,Pooja Iyer,48,Female,1048405,Kolkata,9129456629,pooja.iyer87@gmail.com,fcb93b3b4ecfb7da1658762925e51f289308306bcd6668d9175ab68d62143b65
327,1327,Meena Rao,70,Female,864266,Pune,6744509930,meena.rao19@gmail.com,d6dab25e6801678c49989d157b4e6f72814624b1aba323ec1b2dedf303fb1d07
328,1328,Priya Nambiar,58,Female,1377263,Pune,9312168915,priya.nambiar38@gmail.com,f60069f3289e038f4dedd138edd9106bf18ee0a15edadcb79d47761367f9c86c
329,1329,Rahul Iyer,20,Male,231061,Kolkata,6750942284,rahul.iyer35@gmail.com,1a2c3423ae9e25f08e5a7d3d2cbf2c4442409ac389f3d6d5fe33acd2b55a6dda
330,1330,Rajeev Joshi,48,Male,1768211,Hyderabad,7351756175,rajeev.joshi24@gmail.com,c9487fa0761b8277a42557503a28835fe1c385a52777cd21ab1541a27177c204
331,1331,Meena Rao,28,Female,1007735,Bangalore,6706752635,meena.rao75@gmail.com,ac4247bf1496bd88508ac4050465475bf0fbc5a47187e1075904188fbf091002
332,1332,Karthik Iyer,28,Male,743693,Surat,9979609582,karthik.iyer75@gmail.com,471721e9802deb06997e2a8d18c8ce7fa8141e8b46ce0ce1955c19731de61ff8
333,1333,Geetha Gupta,54,Female,386948,Surat,8268488962,geetha.gupta95@gmail.com,b383694899369f46dd15bb15651a73b461f3b07c1a65e00de688b2c166325bc5
334,1334,Suresh Rao,28,Male,638791,Kolkata,8673207430,suresh.rao41@gmail.com,d209d63dc13d81f5ff025e443decdccd1cb8ab59f82f4ed36ac21a5501003260
335,1335,Anita Nair,29,Female,1092273,Pune,7052656267,anita.nair96@gmail.com,8c92a868a74f63c50d180180b68536c4d6b124e82720fa87efc033221d589fc2
336,1336,Rahul Nair,24,Male,337211,Kolkata,9316157089,rahul.nair10@gmail.com,75cc08f02391a19067bfd4bb24ab960c3b2720218d35a9f855214afbe6a170ad
337,1337,Anil Nambiar,43,Male,613725,Jaipur,9376323637,anil.nambiar87@gmail.com,9071334a39a26193764be97d5b33ab5940d1968cfc585eb20be1bc7bad313e57
338,1338,Kavita Iyer,55,Female,649216,Kolkata,7003186780,kavita.iyer75@gmail.com,c01932d1ab82fcb3dcabf1e0bcee26b98feec79126d7116cadc495c0205ec416
339,1339,Kavita Sharma,26,Female,969461,Surat,8155461987,kavita.sharma79@gmail.com,cbc3407e506e12f56d6810a233c1cf3a8e77b57b8b577f8dfd85673293c0022d
340,1340,Kavita Verma,19,Female,567053,Chennai,7073600966,kavita.verma65@gmail.com,7bc5b7728e11f81ce619f4fdad084060a447879af6d8ba62277cf111283d15b9
341,1341,Ramesh Nambiar,44,Male,1875310,Jaipur,6178850038,ramesh.nambiar43@gmail.com,65df8c5f7ab8cee66098e3587e35ca837ec38a5c95aeb147fd4df3c1b6547049
342,1342,Ramesh Nair,28,Male,906012,Jaipur,9639149893,ramesh.nair12@gmail.com,460ad45293401d27c43df8d3dec05fdb5f1e0681b8ac39eaa22a6a3d2f6c8727
343,1343,Pooja Nambiar,41,Female,1398678,Surat,8915789704,pooja.nambiar63@gmail.com,386abf291715e1fbcfd320bd965afa8e2201779a04df3da3b15d9cef00af81a0
344,1344,Kavita Gupta,36,Female,1689341,Kolkata,8787227417,kavita.gupta21@gmail.com,e847c2de4b11c276229cf7200a2dcda50be148d3d3eccd518d8e50a146d3cf7c
345,1345,Karthik Rao,43,Male,280444,Pune,7330534996,karthik.rao21@gmail.com,e434f51a2f120849a5e2b83aad4f59174572c7828c3e1f59cce43aa7ed55b39d
346,1346,Ramesh Kamath,70,Male,1062023,Surat,9973963346,ramesh.kamath73@gmail.com,573e2717c13818fa9240dbc0fe28c11562f98dc118496944b484890e53296dd5
347,1347,Kavita Nambiar,40,Female,815961,Bangalore,7877229782,kavita.nambiar25@gmail.com,27220bb7b4373e671e7370e2c4be00fd388dea3b6c550020ec8807c8e6683e53
348,1348,Ajay Rao,42,Male,702657,Delhi,8555444376,ajay.rao96@gmail.com,434aafc64e249a3b1d6743c4d1acbd3e828fbbe46d46ec28b3ec234a77674eec
349,1349,Radha Kamath,59,Female,277744,Pune,6949346693,radha.kamath21@gmail.com,e2a30074b3fa5f1529d01e2ed4f60bc96bd29146d875d0c5b0bc2359dbe49a26
350,1350,Anita Verma,42,Female,463615,Pune,7860788015,anita.verma84@gmail.com,855b3e9994df875140478ee8db49eff2b3e4f6d42dd84dadf3771128a9711bb5
351,1351,Sunita Gupta,34,Female,662842,Delhi,9500301500,sunita.gupta86@gmail.com,429eff848015d70f8a82c509a1f372e03fb870e6b036d8b704df13af8c6f5b2d
352,1352,Sita Rao,36,Female,242294,Chennai,9797937265,sita.rao15@gmail.com,9ac9a62ff6adbbe71954a104e9116821003492ce14c0a5f8e69ffc0e2a24b5e5
353,1353,Karthik Gupta,31,Male,1165228,Mumbai,7890691231,karthik.gupta38@gmail.com,4cec92216f12f8ea509505f7005c7d1ece40156389707e6f970aa81367febeaf
354,1354,Suresh Gupta,54,Male,772130,Bangalore,6471739875,suresh.gupta61@gmail.com,859cf8a102653344ce123adbbe40f1b26b4e1e9b12f9587f139757109d1d116c
355,1355,Karthik Rao,19,Male,1283871,Chennai,8716377483,karthik.rao18@gmail.com,3938c1fd4d68071d34edbf410b4f9967e6070d1b250e0fc9c16d6e2fe71f06f9
356,1356,Ramesh Patel,36,Male,960850,Pune,8098417043,ramesh.patel69@gmail.com,28289088dcedfdbac73f0c116a743c6f8f2172f46aa87b455db0d7ad43d59a85
357,1357,Meena Rao,24,Female,1410123,Chennai,8075324268,meena.rao45@gmail.com,1b0fa0ce1e19023dbe22ac1b4f1a27bb79919bbb3c8827db0bb3da2745106eb2
358,1358,Meena Sharma,57,Female,1645862,Hyderabad,6736979793,meena.sharma42@gmail.com,fbaf4a7410c418696b530cc54b5d1c56b27249347ceec69dc268f44c7c853cc3
359,1359,Vijay Sharma,62,Male,1662413,Surat,6549898052,vijay.sharma53@gmail.com,2d140efc27121ca8c574cfcd4c4fecea742ad42b08e50c0c82dcdcda47e5efb8
360,1360,Meena Sharma,30,Female,522568,Surat,9804239128,meena.sharma61@gmail.com,caa38e30563a5066ce0f4b76f43e096ed94018515577591669c61af502dfa0da
361,1361,Lakshmi Iyer,52,Female,1253184,Mumbai,6521701721,lakshmi.iyer81@gmail.com,577b7277df45218ffab5cdd46d36caae763a6f6b7257a3a6f32cec55037170b1
362,1362,Arjun Patel,31,Male,1057900,Delhi,8501860909,arjun.patel67@gmail.com,71938d4f5f2ea6ce0b6de0eb0658d6bff20503b43fb3687c38e67a9e9b6b32ed
363,1363,Kavita Gupta,37,Female,289529,Pune,9288505275,kavita.gupta58@gmail.com,74cf25869064784321feba4ed04469c30030cc290e04fc260b70012dfb87e4e0
364,1364,Ajay Kamath,41,Male,485258,Ahmedabad,7874611549,ajay.kamath78@gmail.com,1164e6137a0f3b5a058446da7d5a768f97861201b68debc4f4b5439d2b193c30
365,1365,Ajay Gupta,66,Male,751525,Chennai,7964883476,ajay.gupta73@gmail.com,a56e278dbeecd6dbc9ea1cfac10d38212b4b49614405ab9d6f94fcfef99b8035
366,1366,Arjun Iyer,46,Male,1710604,Mumbai,9553752212,arjun.iyer32@gmail.com,a9d20f0c57896abbc836bff3e1491b965a31a2bf9279413d09fb3b273a12be30
367,1367,Geetha Patel,62,Female,356295,Chennai,9261053150,geetha.patel22@gmail.com,1be282b91202d3918ededb6f61f30ffa545292ddd3a05e84caf83116002ebe02
368,1368,Kavita Nair,63,Female,1875738,Surat,8088686251,kavita.nair73@gmail.com,c9429021299203a8f052660ee9372e2d4a74f92da8b3840a0473887d85f2ba47
369,1369,Kavita Joshi,42,Female,1938524,Ahmedabad,7178971764,kavita.joshi11@gmail.com,4d4dfedd9860f76006bac2279022a4b8e572a08cd01c98c909b6034f16266947
370,1370,Kavita Gupta,44,Female,292945,Bangalore,7207353301,kavita.gupta44@gmail.com,347eea9cc19f76727da8f4ddf677bf41b7c220c3f871ad8a22827061ccac36d8
371,1371,Anita Patel,60,Female,1729708,Bangalore,8549701236,anita.patel95@gmail.com,e87b5da733539eb827299b87d5b677231d653cb8cf4fcf8cd9f723cfab83bb37
372,1372,Meena Verma,50,Female,868315,Surat,7103199870,meena.verma89@gmail.com,46f8e4ff828079947582a62ada499a492cec7475602806f09c8c0058d381f7fb
373,1373,Anita Rao,31,Female,1441843,Hyderabad,7977885794,anita.rao40@gmail.com,37119c440f6752eba23ace0e9547acd2862b4e01c8997f4a407cf51141e4c11b
374,1374,Sunita Gupta,21,Female,916676,Bangalore,9366666781,sunita.gupta74@gmail.com,4a3dc0a3737e0a56e88279236ebb9cbf8e2889b983d087f3dc136642281c70e6
375,1375,Geetha Nambiar,45,Female,387500,Mumbai,9023741588,geetha.nambiar50@gmail.com,32cf01eeefa009f451b27ab914e2ae8058ee9051b8cb28a9e7b0cb531a2a3a0c
376,1376,Lakshmi Nair,60,Female,907894,Jaipur,8041464002,lakshmi.nair30@gmail.com,5ee252b91550b7a96f74ddb2fab82a507086bdac6921f79265ee0194a0e963fa
377,1377,Ramesh Patel,60,Male,478899,Delhi,7813271954,ramesh.patel40@gmail.com,36ac1137e9c815bedb74da689c5d2ed4729e6c932d317e2b569a2b8794114cbf
378,1378,Sunita Sharma,33,Female,885946,Surat,7113107703,sunita.sharma94@gmail.com,7e00fb7213b43e1017e621c5f88a13da434941676a3f540f73f769678cee85df
379,1379,Sunita Gupta,38,Female,683503,Chennai,6190039603,sunita.gupta60@gmail.com,8e1cded96bdd957149e5a6f836a5d869e9c9320e14eaacfd90eab2eb3db04732
380,1380,Arjun Verma,33,Male,1018819,Bangalore,6204763819,arjun.verma22@gmail.com,0e0da20a21ca9b5c2352384c74708b794fb5fac129b1761b7bc52e138c75a344
381,1381,Arjun Sharma,59,Male,1525676,Delhi,6989892706,arjun.sharma37@gmail.com,d75e1bb940b70fcec35ca94cc91582b596ad025193765e9a76c61cd79b67a1c0
382,1382,Suresh Nambiar,27,Male,1400272,Surat,7605995348,suresh.nambiar32@gmail.com,bf950ecc6e390210119088f56e8c7218b8c80e45b0211dd2d70684f47b87770d
383,1383,Arjun Verma,32,Male,1702855,Surat,6485223850,arjun.verma85@gmail.com,57358535d81b0c53686c0045a5a7363bb4242b3dbbb95e4050080f18dd16a14a
384,1384,Geetha Patel,20,Female,540246,Delhi,9891640339,geetha.patel70@gmail.com,a6277b7e523fa8cd6d97aa7209f21b293f5a724d3885a4381cbfcce93309008e
385,1385,Anil Patel,52,Male,987931,Pune,9106040057,anil.patel26@gmail.com,a2d4caef1c19224fda201af4bf06e4c08f3c5d4f3bad4b586ba29f3060eba148
386,1386,Sita Patel,45,Female,499499,Jaipur,8707035643,sita.patel84@gmail.com,c699943eef2b2ac8aaedc36db4925dab16dde17b638daebd13f1dfe3304b258b
387,1387,Suresh Kamath,51,Male,1138757,Ahmedabad,9699012702,suresh.kamath56@gmail.com,b828a3693e84539732b7cd795114e9b60c30b035341e3a626cc4072b381375dc
388,1388,Lakshmi Gupta,59,Female,246199,Chennai,9951440548,lakshmi.gupta80@gmail.com,f6bb34898e9b119b71bfc45b6740049febec15ac4d88dfcbb1862131e5330bad
389,1389,Lakshmi Kamath,19,Female,1271346,Delhi,9211688588,lakshmi.kamath73@gmail.com,3e6a4d9aa06e695211e8c44a18203bb76078dc99e6f6fb8fa04a54383e20150f
390,1390,Rahul Patel,59,Male,1237012,Chennai,9318962040,rahul.patel76@gmail.com,3ae1422d0111516ecf18d06dc0e6665b11b16d87829cc14edd4dc7d6e0fbc880
391,1391,Ajay Verma,53,Male,1992056,Bangalore,7445789567,ajay.verma69@gmail.com,3964f75e8964e68bdc302fa615ec37c21bf297ca74f10179d7407a13c340e826
392,1392,Priya Rao,30,Female,979036,Chennai,7652405810,priya.rao46@gmail.com,537746c32b085684b42d2c17bdc1b7b8a4106fcf1efa518d685e0ad863b396e1
393,1393,Geetha Patel,37,Female,1579692,Jaipur,9699232313,geetha.patel25@gmail.com,1331efce6c57acfa5da6ae1546b29ec1ed8382dc6eaad116e30efa8cfda47c3f
394,1394,Karthik Rao,59,Male,1695694,Pune,9477527520,karthik.rao38@gmail.com,378aa1f4c2e73063556f66256d9cb2a6593d2cf7ba0f081e463494398dd0d0a9
395,1395,Anita Gupta,68,Female,993759,Kolkata,9893540602,anita.gupta85@gmail.com,65f00b8287fb0a3d9d107e4acf2ff68f4e59f6f6f08ba30010dafa6b1a12336f
396,1396,Vijay Nambiar,45,Male,1539897,Hyderabad,7653168280,vijay.nambiar99@gmail.com,d6bc9b0f088867dc29fd4e92a94489ef5d36f744761aa06c4e0b6cf2a6fb609e
397,1397,Geetha Patel,26,Female,327972,Mumbai,6309538183,geetha.patel14@gmail.com,6376642a4ff20f126ae56261def5a55bd64e76545def761bcc51e252b73b96de
398,1398,Sunita Nair,63,Female,1833871,Chennai,8264238932,sunita.nair80@gmail.com,de5a824c158f91618348dae41a7f0435ee1d5ddd46f9f748e19e614dc694aaad
399,1399,Ajay Nambiar,39,Male,1926160,Hyderabad,6692383343,ajay.nambiar86@gmail.com,3fdff5717718c497d4d673ab43e20150847162adc476d01c5941e64d01b14a61
400,1400,Lakshmi Nambiar,67,Female,1918152,Hyderabad,8291259418,lakshmi.nambiar73@gmail.com,d6c552d26864c85c91ea677eb84000665cb1c90dec0968eb964baf0b43606140
401,1401,Anita Gupta,41,Female,1163849,Mumbai,7772070369,anita.gupta83@gmail.com,3b97c45773e7491b51179db94e517c0eb69f36b9352f9c348e031fe8b88293f8
402,1402,Sunita Nambiar,22,Female,1724304,Mumbai,7477831996,sunita.nambiar59@gmail.com,aa644fad57cbbf68fef851b8a08ffe679c7693ef7f8a72840f42312f3b233897
403,1403,Geetha Rao,37,Female,999475,Hyderabad,8870458516,geetha.rao25@gmail.com,37c6378dcee6adae27c34870564722dfcf573552d4af4180b6c3977cb257f1f7
404,1404,Kavita Nair,44,Female,659904,Kolkata,6622339271,kavita.nair68@gmail.com,e3308ebac738a9d69351e25624871766242651b0304d40824fc8358f382497ae
405,1405,Arjun Sharma,37,Male,802512,Kolkata,6863788848,arjun.sharma95@gmail.com,63083afb1aa34219e38bca7231b84fd4e75a93fceffec26e127a01f61ec9aa0f
406,1406,Karthik Rao,20,Male,389349,Jaipur,7787417082,karthik.rao86@gmail.com,507ff11b0f3b7f645a32f7e845026df3fc160a1b98252dbfc7f6bbebc2da27bc
407,1407,Geetha Sharma,62,Female,1909113,Delhi,6490162863,geetha.sharma97@gmail.com,af67e9ecd86e6627ce2093b7f8f19a5fb5283816bf5c312779b4b2f650ef66d4
408,1408,Arjun Nair,24,Male,1703670,Surat,9983875365,arjun.nair68@gmail.com,c1b9984c324a1578098bb047124657b147e17ead5b3ffb5caceed45faba2ab30
409,1409,Sunita Sharma,24,Female,931848,Delhi,6845484452,sunita.sharma15@gmail.com,bee24739a3eb9f0d79d21d777924b549868185c5899df59223d5c3d3294f2c58
410,1410,Ramesh Iyer,59,Male,1266926,Bangalore,9751484140,ramesh.iyer77@gmail.com,baafbac4fdca6e36c97fa42ec02a5972eafc7aafe7ac1ee8e6026ae7b1514391
411,1411,Kavita Rao,48,Female,1351597,Ahmedabad,8711084364,kavita.rao58@gmail.com,1de97d035e992fac7568adec482c733476d1da46e6c77082eab67276e74e0f76
412,1412,Rahul Verma,39,Male,905506,Pune,7267545287,rahul.verma97@gmail.com,e268d082f83c91e9ec728ef8b8619ade88cfe4131e93c614c3113ff7d5742ea4
413,1413,Meena Nair,27,Female,1069323,Pune,9589086608,meena.nair53@gmail.com,db5cbbc5631da39b72a94442b61c99c8c2aa1513a9e491fa9bb8eef62146b65f
414,1414,Priya Kamath,32,Female,687400,Ahmedabad,9822063325,priya.kamath21@gmail.com,5421da3afabf10416ee249f4f6341f86beade53852ee0f489f3596e26ca86761
415,1415,Rahul Nair,70,Male,796590,Kolkata,9303153280,rahul.nair18@gmail.com,b7aed52ea18346afd5b962dd045f66477dcccd9388432da052425e7a9b813f76
416,1416,Radha Rao,65,Female,427788,Hyderabad,6719240346,radha.rao95@gmail.com,7dcfe128cfd345ac71eab4cb90aec491231a2d05c8f18df9ecb88692a6f85204
417,1417,Ramesh Nambiar,43,Male,706175,Kolkata,9414085207,ramesh.nambiar68@gmail.com,cd826a6e27c36d45d62b7ba2651c8b74d28f0773b3901e6c8730582569bb529e
418,1418,Radha Joshi,44,Female,1335691,Jaipur,7330260925,radha.joshi88@gmail.com,330c29a04357130344e9bd9fd25fa48f00c255e25e7962f66f2fba3c596b4bf6
419,1419,Lakshmi Rao,45,Female,1782125,Pune,7754720269,lakshmi.rao42@gmail.com,41b277a878d2b4ee6b7715495a4dc9993ebd608ba6e7192bdcbd539d0ddc8828
420,1420,Karthik Patel,45,Male,1477298,Jaipur,9449635669,karthik.patel73@gmail.com,17771867e19f9b0bcb909b0af98cce1b46b8403fa0bd07af9971ccea57120797
421,1421,Anil Sharma,40,Male,1205882,Pune,7420544555,anil.sharma82@gmail.com,2131e487641a6ee9fbd02816e126e19fdae4ad5e6a8a939e683388dcda16ec4a
422,1422,Vijay Rao,54,Male,565090,Kolkata,7149672229,vijay.rao24@gmail.com,c9d391556cfa7948e97404738d96c5c4398651edefecce125e886718b05991fd
423,1423,Geetha Nambiar,53,Female,667344,Surat,8435405635,geetha.nambiar68@gmail.com,58b552dfa9fa5e6597757b4bdda27390968f79ed9c7261028bdbcc750176cd25
424,1424,Vijay Joshi,47,Male,1379233,Bangalore,8501977199,vijay.joshi55@gmail.com,b30e923196c3066fd21342e0564f99cae892967b4ae0a76be88f26ac58977f3e
425,1425,Priya Nambiar,66,Female,481403,Jaipur,6390806515,priya.nambiar18@gmail.com,ba0b8ab0c21f380c7b8f8cfb666282c4b219e221685856eedf2e1a1aedcf009e
426,1426,Lakshmi Kamath,42,Female,1577094,Hyderabad,7526999035,lakshmi.kamath81@gmail.com,12ad5e9750b34b87c182a8cc7726fa61eacb761a471edd997d111cb18f97baaf
427,1427,Geetha Sharma,26,Female,947818,Jaipur,7163879921,geetha.sharma33@gmail.com,7e24f264081cbabfcffcce55958118e949fe252dfb5897b6e7bed53fca43b155
428,1428,Geetha Kamath,54,Female,1823540,Delhi,8625246840,geetha.kamath22@gmail.com,db244a5a9f153f627c43f80904f4cf71d0a18ad22e281f96655df7c8bfebbc12
429,1429,Vijay Iyer,41,Male,1281626,Ahmedabad,8956115289,vijay.iyer91@gmail.com,bdf3aa0c54883c2bc094efa6da760a4ba11e8a113ae745e00667cc7c621af670
430,1430,Rahul Iyer,65,Male,1635844,Kolkata,6522312760,rahul.iyer54@gmail.com,f313e2687e71466ff53d1d32be5729e7dd52e6c5d36b25f351ba64d18a594d41
431,1431,Kavita Sharma,53,Female,212239,Bangalore,6630494826,kavita.sharma30@gmail.com,8f4d33980313065a90c7367168becb301290c611114f3500e426a03c99617854
432,1432,Ajay Patel,19,Male,825698,Hyderabad,7564433720,ajay.patel80@gmail.com,10a860a6da40e4bcf6ebe7275c55963ecf660277c4c7c23ed98c870f3a4c4265
433,1433,Sita Sharma,36,Female,1680141,Bangalore,6046187604,sita.sharma63@gmail.com,933d667d0da226397336a642306a7cb7ba9284c20a6548330189b9048efc5a5e
434,1434,Lakshmi Nambiar,23,Female,700970,Delhi,8984222566,lakshmi.nambiar70@gmail.com,743f3718d3869b3699fd7c9999329d40676a68d6b9778a5447c2a23758118cb9
435,1435,Rajeev Sharma,25,Male,543939,Surat,7144372857,rajeev.sharma42@gmail.com,7144f7a120ef125ace96044b700a116bff1a4873091845f33f2809e501ed7042
436,1436,Meena Verma,25,Female,510345,Jaipur,8271741762,meena.verma59@gmail.com,a375ed19da9b785a85f0ff398dfd0d80dc019baaa32de6fa35ea6953bf5ea037
437,1437,Anita Sharma,36,Female,232559,Pune,6487354866,anita.sharma54@gmail.com,2a6a95554f1b6be5a23cfd2ff60f17fef4678531d024cb413db4c95ef90bc3f0
438,1438,Manoj Iyer,26,Male,889420,Ahmedabad,9320354820,manoj.iyer94@gmail.com,e77599d4b86430edaaf982a5a2c81e429ac09209cd426453552963862ff66665
439,1439,Arjun Joshi,57,Male,1695251,Bangalore,8000145491,arjun.joshi19@gmail.com,eeff136d7922be6dd8474b459b0c4fa3a0ea249a656a96d78922ec8ee555a593
440,1440,Priya Kamath,68,Female,1292065,Delhi,7687138467,priya.kamath13@gmail.com,c9b874c23775b6f943e43f33207bc34fdfb57938c7b05ae845273e3e1517665a
441,1441,Manoj Nair,24,Male,416889,Delhi,8585559027,manoj.nair43@gmail.com,6bffbd4be3bfac67d29c2820f6a10630f28b38fa147a6a0ef0137aa629934656
442,1442,Pooja Sharma,69,Female,1639495,Jaipur,8119736094,pooja.sharma67@gmail.com,1f05f4f20a52936265c43781c9b8c3650fccffa26b381e046c976da860b1c207
443,1443,Meena Joshi,54,Female,1635819,Bangalore,6465643926,meena.joshi39@gmail.com,ff87d12fced66414b54933f7a355684ab25882b8d5a18feae871c51bb1ffbafd
444,1444,Radha Patel,36,Female,558507,Hyderabad,9938062018,radha.patel93@gmail.com,76ff25e3a161f9557d50e63112205904ea2077f1fe992c28a5bc56d8a2b1a718
445,1445,Meena Sharma,19,Female,307018,Hyderabad,6353758677,meena.sharma78@gmail.com,838a60fbafd938708b36b0cb6fe6d639dabd0670b7b4ddb91c5b0dd79a366d6d
446,1446,Karthik Nambiar,33,Male,1106136,Hyderabad,8990384907,karthik.nambiar66@gmail.com,64eb8719c1a50247160264bf96e3bee57b1c87ce2fd22d7c2f581e9ff098c6af
447,1447,Lakshmi Iyer,70,Female,1271308,Hyderabad,8277665875,lakshmi.iyer71@gmail.com,34205434dfb3fa0f94ce7ff77e79c9ec5b3ca99d12422169d8695eb0fea4583d
448,1448,Anita Patel,30,Female,1632153,Surat,9009856811,anita.patel94@gmail.com,827a7b26bc1fbc3e807b820f5341baddb148f86065e7e2bea00ee99d7e410d90
449,1449,Sita Patel,30,Female,1592947,Surat,9175303854,sita.patel72@gmail.com,1eaf2e6b83906a4fa01dc1cdbdd17bd1e80b02a2125a315fdf42ff38c0b70f7a
450,1450,Karthik Nair,47,Male,1121671,Pune,7269220546,karthik.nair15@gmail.com,885b1ca64aa64f9cd04f23f2b024f7150f731bf7b193db103c6d08d4b02800ea
451,1451,Anita Kamath,24,Female,699869,Ahmedabad,7304892879,anita.kamath27@gmail.com,5db11ed7e0ffc10153411d4c7d080bd8533dfb4c9fc7b747f727cfd4afe95093
452,1452,Radha Rao,54,Female,1160516,Jaipur,8457104870,radha.rao67@gmail.com,1221502a2cad931cda530aa22a29a31ea53da30e28d0dcefc7ea3fe6bc5ab2ca
453,1453,Meena Joshi,42,Female,913696,Bangalore,6651856668,meena.joshi39@gmail.com,ca378d4fb62be8950bb2c88681cdcdee400ba2c08b715937b6e10535146c15ab
454,1454,Karthik Gupta,55,Male,917254,Pune,7222033294,karthik.gupta95@gmail.com,7a091b4b0259c962f2b54c03101c166065dda9b604c056ec219148bf460c8fef
455,1455,Sita Verma,51,Female,970545,Delhi,9991874568,sita.verma37@gmail.com,4123548ad9e10057bcae845e4753b1b7d02f3770ceaebc7f77a72eb25e83aed2
456,1456,Ajay Kamath,59,Male,1482579,Ahmedabad,8018827699,ajay.kamath74@gmail.com,d7c2f38a8d7b8324d6c4ec92d47ce359901041de470c0b4658a3db52cb57f7b2
457,1457,Radha Gupta,39,Female,387120,Chennai,9261851467,radha.gupta56@gmail.com,a95945b061624cd3f53eb51f7302180afb7eaee3a3f6544bb186bf47c725d25f
458,1458,Kavita Gupta,43,Female,307357,Mumbai,6946902481,kavita.gupta83@gmail.com,7812d579bb54b005256c85d9b28da32c1337f7511808365f53fc541d44a3897b
459,1459,Rajeev Patel,70,Male,944284,Hyderabad,7614244297,rajeev.patel70@gmail.com,6e48116969255d2c002c4d28ff3723731588fd8c5d97a93c22af73cd59baf524
460,1460,Radha Nambiar,21,Female,769419,Pune,9148610450,radha.nambiar58@gmail.com,4b115a938e9f8b5b23bd7f4b190453b1808d9f75791ecc71a5b5cc1c69ccfcd3
461,1461,Rajeev Verma,50,Male,1883477,Jaipur,9221941981,rajeev.verma24@gmail.com,88159c5f269a3dabbb96a0d869de89ed908836c7b5cf23e647a1e255f90be93b
462,1462,Kavita Iyer,18,Female,326229,Bangalore,8502932742,kavita.iyer62@gmail.com,21c8f77e5afb6c8533e736b391846ad61c4750aa1f2525be9e4601a7b8a61739
463,1463,Rahul Rao,54,Male,647257,Chennai,7476681301,rahul.rao43@gmail.com,81e4f2fdae00bb80d7aa47353d9f0fe01246c617438cc60bcf5efea41be892b6
464,1464,Manoj Iyer,65,Male,984370,Chennai,6155074028,manoj.iyer52@gmail.com,0536ecc7009b92156f4b8df4607a06cc0221a39831cf06a2055c1f1f8dd4d8be
465,1465,Priya Iyer,47,Female,1702537,Chennai,6970297192,priya.iyer56@gmail.com,426993e24f32a99678e2f9b2a2b39fe689666ee76f7683935517d3d9e011a08e
466,1466,Pooja Patel,60,Female,661821,Bangalore,7295136375,pooja.patel42@gmail.com,41d7872b112d473e6b8d343178165b9074611f712c8af57c9194c4aa8cf4f518
467,1467,Arjun Rao,59,Male,1730750,Hyderabad,7539704352,arjun.rao52@gmail.com,e10ada1b0549a8f641280a72f43e4fa5e443270753218962664a2d14ac81da19
468,1468,Kavita Joshi,51,Female,733876,Bangalore,9693157768,kavita.joshi27@gmail.com,7ff9c7fb174951051e9b233cd8e51a53e55d7e6d01908873de2cb01e38b46967
469,1469,Anita Nair,27,Female,1341468,Hyderabad,8602263473,anita.nair51@gmail.com,6c0ec58700bcd98084e74364cb1981746753532585b935df5f46f38d4493f8c4
470,1470,Rahul Nair,49,Male,537441,Mumbai,9329881882,rahul.nair16@gmail.com,5f73b7c026b7da449cd0cd41f90f3c2b13ff322292c8918f8879ce827f8f9553
471,1471,Arjun Gupta,56,Male,1207526,Hyderabad,6419823637,arjun.gupta92@gmail.com,9e7ec44f796436da2f3d0cbf17b6de11af7fc8bad31bd0f2a67c19fd00e7a87d
472,1472,Priya Gupta,31,Female,1717541,Mumbai,7826664170,priya.gupta46@gmail.com,6dbbf8d62272cf57f69db2532afea613cf1b04854e0379eb6db539fb4e4f9a8e
473,1473,Kavita Verma,22,Female,1835386,Hyderabad,7418106099,kavita.verma76@gmail.com,cffbeadb2fb4aba329ef3d8c07b958e92d66b2b356d2791e91103f05d7111e37
474,1474,Radha Nair,61,Female,1221926,Surat,8083558388,radha.nair48@gmail.com,ba3d110c67398754ef42bddd4d39ea387b59a5bdf88e32e4cc750ae328e124e2
475,1475,Kavita Kamath,57,Female,1825466,Kolkata,9182545805,kavita.kamath35@gmail.com,ad911ac58439714270bc4bbcb0aa9bc5fba1647c1a326cc0f32c07361c041396
476,1476,Pooja Verma,32,Female,1099332,Kolkata,9914081519,pooja.verma98@gmail.com,07f1cb3f9d600d3d9eda19a5cf13db4a9dafa43aa57235596c72dac4cc5d88b8
477,1477,Sita Patel,59,Female,1040257,Bangalore,9808254760,sita.patel76@gmail.com,e450a0d175ec69500e124bdb25714b106efbac4d16f21803d0be62210aa9d64c
478,1478,Priya Rao,24,Female,1890490,Mumbai,7504515017,priya.rao74@gmail.com,b258d98867e84495c475ffd07fc73ad8e5734c8597ab671d4e23d2806c60750a
479,1479,Anita Nambiar,69,Female,1078362,Hyderabad,9203193327,anita.nambiar68@gmail.com,40287862f02d9d9aebde62dacde43f237125b2bd3eb561f66c64eb6eda2c90c4
480,1480,Lakshmi Iyer,50,Female,890564,Pune,8071551207,lakshmi.iyer71@gmail.com,6df528c87937497d605f3f53033e4d12d80adb97fb9e9550c4b4c3e48fbd1a51
481,1481,Ramesh Nair,25,Male,594595,Chennai,9890577794,ramesh.nair24@gmail.com,2f8ce108603a1949c9fe6df44b2be3d2f3c5f7429d448535677f31b9a9a4612c
482,1482,Meena Gupta,51,Female,1588114,Pune,8454765197,meena.gupta84@gmail.com,56a0aca805e44e1d409f4e3ea7d99d568242d13d735d03a98a070bed158e7fa1
483,1483,Geetha Patel,28,Female,1844962,Surat,6367639385,geetha.patel65@gmail.com,767ebdc6e7cce75a9197a5ec1ea9367e9e6b2d4f930ebf7f6b3865125fb0d970
484,1484,Sunita Joshi,18,Female,1742672,Mumbai,8380954496,sunita.joshi15@gmail.com,500e2fe7c625625e61305a2d6a6263fd514aea4c9f716d28f3dbadd031d34827
485,1485,Lakshmi Sharma,41,Female,1671019,Jaipur,6813739537,lakshmi.sharma21@gmail.com,6ac2b26bb625ca89f775054404719d14003a1a56218daee8ed67660f62478964
486,1486,Sunita Patel,32,Female,549019,Chennai,6641506212,sunita.patel21@gmail.com,c3ef654794afb24e4e1b3701c32ccc703d8a3be97334b0caf1a46ae4714fe6d1
487,1487,Sunita Iyer,66,Female,566830,Surat,8759612077,sunita.iyer74@gmail.com,5c0dd73f2c790414866cbd424decb04eaa81b91b5f8e60f2dfd561d65848e969
488,1488,Pooja Verma,52,Female,702908,Chennai,9115746239,pooja.verma33@gmail.com,1aa9c6e6c2ec68ffa9c5be682da448a26d36bc35bc9c3174fb491cdbe4d20fe3
489,1489,Sunita Patel,25,Female,623960,Hyderabad,6906024526,sunita.patel51@gmail.com,8747ac6a16f8c779ede6be0d11ff1f1b5511a80ab9f5a94b6779e45869946c9c
490,1490,Suresh Rao,30,Male,1310778,Mumbai,9394206222,suresh.rao36@gmail.com,8bf1b18b7c6d37cddb434746cf1ce74c0aa16a6e29df35d127f5a369bef9bd37
491,1491,Manoj Iyer,64,Male,1731368,Chennai,7092908524,manoj.iyer22@gmail.com,67b3ce10a365e36be1b03eaac425c3e22421e514ef47f65bc4c64b77d37d89f4
492,1492,Arjun Gupta,43,Male,1574114,Hyderabad,7619684512,arjun.gupta56@gmail.com,f4afed19327fb5c80dde41a8dc3bbfe368f89a324f93de039c3bba90007844a4
493,1493,Radha Nair,19,Female,1620389,Mumbai,6778523838,radha.nair64@gmail.com,743a4f3d34d92a47f56593a5b8c1a141e8a9ee83db419b37cad1af8ae970106d
494,1494,Ajay Kamath,39,Male,1175188,Surat,7676834518,ajay.kamath13@gmail.com,7acbcb0e55a8fbb11ef23611832ed3cc913bdabb75f8afc0903837b33e2b594c
495,1495,Suresh Kamath,57,Male,314662,Chennai,8551031888,suresh.kamath15@gmail.com,c5b70ac7876b7cca08f131d5c5cea61309aa7b5592fb450fee5fa1c66ff418c3
496,1496,Rahul Joshi,25,Male,1010659,Surat,9048180816,rahul.joshi16@gmail.com,96ac5f09e32a6dd5b565ba73245c2c517c23940beeadde23e9724c528bc2cb60
497,1497,Anil Kamath,50,Male,631136,Delhi,8467058884,anil.kamath28@gmail.com,432c00b4219b3ceab3ce79fc65a423c0051f17308691997afc606fbed1ed6dd4
498,1498,Pooja Joshi,28,Female,373478,Pune,8443126286,pooja.joshi86@gmail.com,9fdc12a4eb15732f2e60fa8f644ca1926317ec1ab8fec831b177ce15eb507e4f
499,1499,Meena Iyer,47,Female,1094526,Jaipur,8659281712,meena.iyer61@gmail.com,062fd3e0c889ac3495c709ea8bcab728d59658a28203f1ccbac0866e2bc6d61e
500,1500,Kavita Iyer,43,Female,556662,Chennai,9469001141,kavita.iyer76@gmail.com,10d9b98ac07cba9243862fcc981bf2c80c71860aaab49c3c390859f439e4f929
